Date,NumericDeliveryMonth,Open,High,Low,Close,Volume,OI,TotalVolume,TotalOI
2007-07-31,201207,1569.1,1569.1,1569.1,1569.1,0,0,19648,118550
2007-08-01,201207,1563.5,1563.5,1563.5,1563.5,0,0,27911,119126
2007-08-02,201207,1568.2,1568.2,1568.2,1568.2,0,0,13033,118970
2007-08-03,201207,1584.9,1584.9,1584.9,1584.9,0,0,21649,119897
2007-08-06,201207,1570.2,1570.2,1570.2,1570.2,0,0,21903,121275
2007-08-07,201207,1574.0,1574.0,1574.0,1574.0,0,0,26562,122787
2007-08-08,201207,1586.8,1586.8,1586.8,1586.8,0,0,24902,120085
2007-08-09,201207,1535.0,1535.0,1535.0,1535.0,0,0,49289,122543
2007-08-10,201207,1551.5,1551.5,1551.5,1551.5,0,0,39271,122314
2007-08-13,201207,1551.3,1551.3,1551.3,1551.3,0,0,15453,122227
2007-08-14,201207,1539.8,1539.8,1539.8,1539.8,0,0,24681,122912
2007-08-15,201207,1518.2,1518.2,1518.2,1518.2,0,0,41399,124151
2007-08-16,201207,1402.3,1402.3,1402.3,1402.3,0,0,79418,123947
2007-08-17,201207,1428.0,1428.0,1428.0,1434.8,1,1,48264,120186
2007-08-20,201207,1427.0,1427.0,1427.0,1427.0,0,1,32550,121047
2007-08-21,201207,1401.5,1401.5,1401.5,1401.5,0,1,36453,117914
2007-08-22,201207,1408.0,1408.0,1408.0,1408.0,0,1,33103,118205
2007-08-23,201207,1415.4,1415.4,1415.4,1415.4,0,1,40899,116027
2007-08-24,201207,1449.4,1449.4,1449.4,1449.4,0,1,37458,114565
2007-08-27,201207,1430.2,1430.2,1430.2,1430.2,0,1,30262,113464
2007-08-28,201207,1430.4,1430.4,1430.4,1430.4,0,1,43674,111791
2007-08-29,201207,1438.7,1438.7,1438.7,1438.7,0,1,45947,109756
2007-08-30,201207,1434.0,1434.0,1434.0,1434.0,0,1,33628,110096
2007-08-31,201207,1464.0,1464.0,1464.0,1464.0,0,1,16290,107421
2007-09-04,201207,1488.3,1488.3,1488.3,1488.3,0,1,23819,107814
2007-09-05,201207,1476.5,1476.5,1476.5,1476.5,0,1,16196,108051
2007-09-06,201207,1497.0,1497.0,1497.0,1497.0,0,1,26675,107155
2007-09-07,201207,1517.7,1517.7,1517.7,1517.7,0,1,28293,107646
2007-09-10,201207,1511.3,1511.3,1511.3,1511.3,0,1,19327,107142
2007-09-11,201207,1525.9,1525.9,1525.9,1525.9,0,1,22753,108199
2007-09-12,201207,1521.8,1521.8,1521.8,1521.8,0,1,25882,107916
2007-09-13,201207,1511.7,1511.7,1511.7,1511.7,0,1,20932,107554
2007-09-14,201207,1515.1,1515.1,1515.1,1515.1,0,1,20761,106851
2007-09-17,201207,1536.0,1536.0,1536.0,1536.0,0,1,17051,108138
2007-09-18,201207,1539.1,1539.1,1539.1,1539.1,0,1,28382,109750
2007-09-19,201207,1555.1,1555.1,1555.1,1555.1,0,1,22999,109027
2007-09-20,201207,1595.6,1595.6,1595.6,1595.6,2,1,42492,113169
2007-09-21,201207,1616.9,1616.9,1616.9,1616.9,0,1,31920,115651
2007-09-24,201207,1622.7,1622.7,1622.7,1622.7,0,1,21748,116182
2007-09-25,201207,1619.5,1619.5,1619.5,1619.5,0,1,26325,116537
2007-09-26,201207,1611.4,1611.4,1611.4,1611.4,0,1,24358,117085
2007-09-27,201207,1622.0,1622.0,1622.0,1622.0,0,1,17011,116727
2007-09-28,201207,1652.0,1652.0,1652.0,1652.0,0,1,28480,117643
2007-10-01,201207,1645.6,1645.6,1645.6,1645.6,0,1,16736,117592
2007-10-02,201207,1602.5,1602.5,1602.5,1602.5,0,1,36013,117498
2007-10-03,201207,1605.5,1605.5,1605.5,1605.5,0,1,19550,117215
2007-10-04,201207,1608.6,1608.6,1608.6,1608.6,0,1,24594,118239
2007-10-05,201207,1621.0,1621.0,1621.0,1621.0,2,1,25781,117967
2007-10-08,201207,1606.5,1606.5,1606.5,1606.5,0,1,11213,118445
2007-10-09,201207,1630.8,1630.8,1630.8,1630.8,0,1,22989,120478
2007-10-10,201207,1640.4,1640.4,1640.4,1640.4,0,1,15347,120978
2007-10-11,201207,1671.9,1671.9,1671.9,1671.9,0,1,25695,123981
2007-10-12,201207,1663.3,1663.3,1663.3,1663.3,0,1,17316,123054
2007-10-15,201207,1660.0,1660.0,1660.0,1660.0,0,1,23671,124843
2007-10-16,201207,1637.2,1637.2,1637.2,1637.2,0,1,32399,124780
2007-10-17,201207,1645.4,1645.4,1645.4,1645.4,0,1,27366,125141
2007-10-18,201207,1650.7,1650.7,1650.7,1650.7,0,1,21358,123866
2007-10-19,201207,1630.9,1630.9,1630.9,1630.9,0,1,37667,125634
2007-10-22,201207,1610.0,1610.0,1610.0,1621.7,1,2,25153,123491
2007-10-23,201207,1632.9,1632.9,1632.9,1632.9,0,2,16545,122842
2007-10-24,201207,1625.2,1625.2,1625.2,1625.2,0,2,21281,123403
2007-10-25,201207,1657.9,1657.9,1657.9,1657.9,0,2,35759,126498
2007-10-26,201207,1696.1,1696.1,1696.1,1696.1,0,2,31328,129211
2007-10-29,201207,1712.6,1712.6,1712.6,1712.6,0,2,33934,131893
2007-10-30,201207,1701.2,1701.2,1701.2,1701.2,0,2,30649,133518
2007-10-31,201207,1714.5,1714.5,1714.5,1714.5,0,2,28718,136393
2007-11-01,201207,1703.0,1703.0,1703.0,1703.0,0,2,46434,136034
2007-11-02,201207,1733.7,1733.7,1733.7,1733.7,0,2,40911,141631
2007-11-05,201207,1750.0,1750.0,1750.0,1756.1,1,2,32396,145858
2007-11-06,201207,1820.5,1820.5,1820.5,1820.5,0,2,55551,150120
2007-11-07,201207,1816.7,1816.7,1816.7,1816.7,0,2,81559,149106
2007-11-08,201207,1834.5,1834.5,1834.5,1834.5,0,2,61310,148935
2007-11-09,201207,1838.8,1838.8,1838.8,1838.8,0,2,43139,150148
2007-11-12,201207,1753.7,1753.7,1753.7,1753.7,0,2,58012,147849
2007-11-13,201207,1738.0,1738.0,1738.0,1738.0,0,2,36203,146205
2007-11-14,201207,1787.3,1787.3,1787.3,1787.3,0,2,35802,144353
2007-11-15,201207,1718.5,1718.5,1718.5,1718.5,0,2,42017,142417
2007-11-16,201207,1720.9,1720.9,1720.9,1720.9,0,2,38955,145043
2007-11-19,201207,1680.8,1680.8,1680.8,1680.8,0,2,40192,146196
2007-11-20,201207,1719.8,1719.8,1719.8,1719.8,0,2,51573,146852
2007-11-21,201207,1708.8,1708.8,1708.8,1708.8,0,2,38089,148997
2007-11-23,201207,1742.2,1742.2,1742.2,1742.2,0,2,28807,147361
2007-11-26,201207,1751.3,1751.3,1751.3,1751.3,0,2,65165,145053
2007-11-27,201207,1705.8,1705.8,1705.8,1705.8,0,2,61330,144601
2007-11-28,201207,1689.3,1689.3,1689.3,1689.3,0,2,76431,140575
2007-11-29,201207,1675.0,1675.0,1675.0,1676.6,1,3,50736,139588
2007-11-30,201207,1647.9,1647.9,1647.9,1647.9,0,3,33883,135914
2007-12-03,201207,1651.1,1651.1,1651.1,1651.1,0,3,20508,133528
2007-12-04,201207,1676.6,1676.6,1676.6,1676.6,0,3,26723,138128
2007-12-05,201207,1675.1,1675.1,1675.1,1675.1,0,3,19218,138689
2007-12-06,201207,1693.6,1693.6,1693.6,1693.6,0,3,30862,140493
2007-12-07,201207,1685.1,1685.1,1685.1,1685.1,0,3,24964,145732
2007-12-10,201207,1725.0,1725.0,1725.0,1725.0,0,3,23721,147288
2007-12-11,201207,1725.0,1725.0,1725.0,1725.0,0,3,16543,147922
2007-12-12,201207,1721.6,1721.6,1721.6,1721.6,0,3,21393,149608
2007-12-13,201207,1659.2,1659.2,1659.2,1659.2,0,3,33765,148209
2007-12-14,201207,1650.0,1650.0,1650.0,1634.1,1,4,30654,149012
2007-12-17,201207,1633.2,1633.2,1633.2,1633.2,0,4,16155,147491
2007-12-18,201207,1651.3,1651.3,1651.3,1651.3,0,4,17912,148157
2007-12-19,201207,1655.8,1655.8,1655.8,1655.8,0,4,13061,147543
2007-12-20,201207,1666.8,1666.8,1666.8,1666.8,0,4,19618,146263
2007-12-21,201207,1687.3,1687.3,1687.3,1687.3,0,4,15281,148898
2007-12-24,201207,1706.2,1706.2,1706.2,1706.2,0,4,7464,150953
2007-12-26,201207,1725.6,1725.6,1725.6,1725.6,0,4,11236,152676
2007-12-27,201207,1722.8,1722.8,1722.8,1722.8,0,4,15404,152354
2007-12-28,201207,1729.5,1729.5,1729.5,1729.5,0,4,16190,151652
2007-12-31,201207,1731.0,1731.0,1731.0,1731.0,0,4,12571,152888
2008-01-02,201207,1766.3,1766.3,1766.3,1766.3,0,4,29356,158717
2008-01-03,201207,1787.5,1787.5,1787.5,1787.5,0,4,28507,160771
2008-01-04,201207,1780.5,1780.5,1780.5,1780.5,0,4,24984,163350
2008-01-07,201207,1788.0,1790.0,1788.0,1762.8,3,6,22863,165369
2008-01-08,201207,1817.5,1817.5,1817.5,1817.5,0,6,29894,168508
2008-01-09,201207,1815.9,1815.9,1815.9,1815.9,0,6,39286,168871
2008-01-10,201207,1859.5,1859.5,1859.5,1859.5,0,6,45016,171532
2008-01-11,201207,1867.0,1867.0,1867.0,1867.0,0,6,27016,171094
2008-01-14,201207,1871.0,1871.0,1871.0,1871.0,0,6,36741,173423
2008-01-15,201207,1856.7,1856.7,1856.7,1856.7,0,6,44714,177544
2008-01-16,201207,1811.6,1811.6,1811.6,1811.6,0,6,50863,178509
2008-01-17,201207,1821.5,1821.5,1821.5,1821.5,0,6,28163,179095
2008-01-18,201207,1841.1,1841.1,1841.1,1841.1,0,6,37846,180255
2008-01-22,201207,1819.5,1819.5,1819.5,1819.5,0,6,60854,179362
2008-01-23,201207,1776.5,1776.5,1776.5,1776.5,0,6,42657,179480
2008-01-24,201207,1816.5,1816.5,1816.5,1816.5,0,6,36512,181617
2008-01-25,201207,1833.0,1833.0,1833.0,1833.0,0,6,31078,182702
2008-01-28,201207,1860.0,1860.0,1860.0,1860.0,0,6,26251,182322
2008-01-29,201207,1866.2,1866.2,1866.2,1866.2,0,6,20577,182942
2008-01-30,201207,1862.1,1862.1,1862.1,1862.1,0,6,22002,183338
2008-01-31,201207,1885.6,1885.6,1885.6,1885.6,0,6,34085,185540
2008-02-01,201207,1869.5,1869.5,1869.5,1869.5,0,6,42880,185880
2008-02-04,201207,1860.0,1860.0,1860.0,1860.0,0,6,29989,184183
2008-02-05,201207,1814.0,1814.0,1814.0,1814.0,0,6,32051,184677
2008-02-06,201207,1833.9,1833.9,1833.9,1833.9,0,6,28472,186265
2008-02-07,201207,1856.8,1856.8,1856.8,1856.8,0,6,34956,186226
2008-02-08,201207,1890.3,1890.3,1890.3,1890.3,0,6,33222,187728
2008-02-11,201207,1927.3,1927.3,1927.3,1927.3,0,6,44119,189100
2008-02-12,201207,1904.9,1904.9,1904.9,1904.9,0,6,38497,187309
2008-02-13,201207,1913.5,1913.5,1913.5,1913.5,0,6,36335,189941
2008-02-14,201207,1904.4,1904.4,1904.4,1904.4,0,6,31731,189543
2008-02-15,201207,1890.3,1890.3,1890.3,1890.3,0,6,44792,188008
2008-02-19,201207,1933.7,1933.7,1933.7,1933.7,0,6,38748,189151
2008-02-20,201207,1960.1,1960.1,1960.1,1960.1,0,6,66897,179349
2008-02-21,201207,1977.6,1977.6,1977.6,1977.6,0,6,51301,180629
2008-02-22,201207,1986.1,1986.1,1986.1,1986.1,0,6,44513,181296
2008-02-25,201207,1993.9,1993.9,1993.9,1993.9,0,6,71709,177011
2008-02-26,201207,2058.8,2058.8,2058.8,2058.8,0,6,96913,173340
2008-02-27,201207,2108.3,2108.3,2108.3,2108.3,0,6,110838,168212
2008-02-28,201207,2137.6,2137.6,2137.6,2137.6,0,6,69648,167000
2008-02-29,201207,2161.0,2161.0,2161.0,2161.0,0,6,42045,166678
2008-03-03,201207,2188.4,2188.4,2188.4,2188.4,0,6,49778,165655
2008-03-04,201207,2152.5,2152.5,2152.5,2152.5,0,6,61263,166625
2008-03-05,201207,2256.0,2256.0,2256.0,2256.0,0,6,57370,165744
2008-03-06,201207,2196.0,2196.0,2196.0,2196.0,0,6,62140,165488
2008-03-07,201207,2198.3,2198.3,2198.3,2198.3,0,6,40066,163686
2008-03-10,201207,2150.7,2150.7,2150.7,2150.7,0,6,38108,163803
2008-03-11,201207,2150.1,2150.1,2150.1,2150.1,0,6,41567,162481
2008-03-12,201207,2171.8,2171.8,2171.8,2171.8,0,6,33695,161719
2008-03-13,201207,2213.6,2213.6,2213.6,2213.6,0,6,36354,161496
2008-03-14,201207,2228.3,2228.3,2228.3,2228.3,0,6,31467,161360
2008-03-17,201207,2240.0,2240.0,2216.5,2168.6,3,9,48079,161791
2008-03-18,201207,2135.0,2135.0,2135.0,2135.0,0,9,35440,160860
2008-03-19,201207,2110.5,2110.5,2110.0,1982.6,2,10,70202,156217
2008-03-20,201207,1854.5,1854.5,1854.5,1821.4,2,8,66773,152398
2008-03-24,201207,1853.6,1853.6,1853.6,1853.6,0,8,27301,149027
2008-03-25,201207,1923.3,1923.3,1923.3,1923.3,0,8,37959,148918
2008-03-26,201207,1987.6,1987.6,1987.6,1987.6,0,8,38373,148930
2008-03-27,201207,2004.3,2004.3,2004.3,2004.3,0,8,31337,148182
2008-03-28,201207,1942.0,1942.0,1942.0,1942.0,0,8,33039,148444
2008-03-31,201207,1876.0,1876.0,1876.0,1876.0,0,8,41446,146632
2008-04-01,201207,1834.6,1834.6,1834.6,1834.6,0,8,52641,145358
2008-04-02,201207,1874.3,1874.3,1874.3,1874.3,0,8,32756,144586
2008-04-03,201207,1906.5,1906.5,1906.5,1906.5,0,8,33151,144662
2008-04-04,201207,1932.0,1932.0,1932.0,1932.0,0,8,25201,145074
2008-04-07,201207,1977.8,1977.8,1977.8,1977.8,0,8,29700,146459
2008-04-08,201207,1934.3,1934.3,1934.3,1934.3,0,8,31571,145698
2008-04-09,201207,1981.5,1981.5,1981.5,1981.5,0,8,39228,147385
2008-04-10,201207,1965.3,1965.3,1965.3,1965.3,0,8,36973,146430
2008-04-11,201207,1928.1,1928.1,1928.1,1928.1,0,8,34984,146831
2008-04-14,201207,1939.2,1939.2,1939.2,1939.2,0,8,30948,148024
2008-04-15,201207,1946.4,1946.4,1946.4,1946.4,0,8,26244,149199
2008-04-16,201207,2003.7,2003.7,2003.7,2003.7,0,8,41759,149820
2008-04-17,201207,2013.5,2013.5,2013.5,2013.5,0,8,32545,150315
2008-04-18,201207,1967.5,1967.5,1967.5,1967.5,0,8,47918,150454
2008-04-21,201207,1917.0,1917.0,1917.0,1917.0,0,8,33855,150608
2008-04-22,201207,1953.0,1953.0,1953.0,1953.0,0,8,41024,153234
2008-04-23,201207,1896.7,1896.7,1896.7,1896.7,0,8,58500,153293
2008-04-24,201207,1849.5,1849.5,1849.5,1849.5,0,8,80097,130707
2008-04-25,201207,1869.2,1869.2,1869.2,1869.2,0,8,60349,127469
2008-04-28,201207,1885.8,1885.8,1885.8,1885.8,0,8,62002,127367
2008-04-29,201207,1833.5,1833.5,1833.5,1833.5,0,8,47581,126504
2008-04-30,201207,1829.8,1829.8,1829.8,1829.8,0,8,33925,123841
2008-05-01,201207,1788.3,1788.3,1788.3,1788.3,0,8,36527,122778
2008-05-02,201207,1816.1,1816.1,1816.1,1816.1,0,8,21802,120937
2008-05-05,201207,1854.1,1854.1,1854.1,1854.1,0,8,16048,120623
2008-05-06,201207,1857.1,1857.1,1857.1,1857.1,0,8,21335,121057
2008-05-07,201207,1840.2,1840.2,1840.2,1840.2,0,8,28765,120975
2008-05-08,201207,1856.2,1856.2,1856.2,1856.2,0,8,20649,121808
2008-05-09,201207,1859.5,1859.5,1859.5,1859.5,0,8,27384,123762
2008-05-12,201207,1895.1,1895.1,1895.1,1895.1,0,8,24983,124231
2008-05-13,201207,1861.6,1861.6,1861.6,1861.6,0,8,31923,122802
2008-05-14,201207,1841.1,1841.1,1841.1,1841.1,0,8,23017,122132
2008-05-15,201207,1845.8,1845.8,1845.8,1845.8,0,8,25332,122140
2008-05-16,201207,1873.3,1873.3,1873.3,1873.3,0,8,22438,124015
2008-05-19,201207,1880.9,1880.9,1880.9,1880.9,0,8,22167,123372
2008-05-20,201207,1952.5,1952.5,1952.5,1952.5,0,8,33073,125838
2008-05-21,201207,1989.2,1989.2,1989.2,1989.2,0,8,29702,125610
2008-05-22,201207,1993.6,1993.6,1993.6,1993.6,0,8,31733,124220
2008-05-23,201207,2018.3,2018.3,2018.3,2018.3,0,8,23003,126641
2008-05-27,201207,1932.5,1932.5,1932.5,1932.5,0,8,37864,126583
2008-05-28,201207,1939.0,1939.0,1939.0,1939.0,0,8,31093,126509
2008-05-29,201207,1885.0,1885.0,1885.0,1847.0,1,9,48939,126017
2008-05-30,201207,1880.2,1880.2,1880.2,1880.2,0,9,23182,124655
2008-06-02,201207,1881.5,1881.5,1881.5,1881.5,0,9,22757,123080
2008-06-03,201207,1874.0,1874.0,1874.0,1874.0,0,9,30391,123200
2008-06-04,201207,1884.0,1884.0,1884.0,1884.0,0,9,24783,123419
2008-06-05,201207,1918.5,1918.5,1918.5,1918.5,0,9,36927,124301
2008-06-06,201207,1944.2,1944.2,1944.2,1944.2,0,9,42982,125257
2008-06-09,201207,1930.9,1930.9,1930.9,1930.9,0,9,35710,126107
2008-06-10,201207,1878.7,1878.7,1878.7,1878.7,0,9,44870,128241
2008-06-11,201207,1899.7,1899.7,1899.7,1899.7,0,9,27464,130955
2008-06-12,201207,1864.1,1864.1,1864.1,1864.1,0,9,37833,132112
2008-06-13,201207,1869.7,1869.7,1869.7,1869.7,0,9,22146,132388
2008-06-16,201207,1941.4,1941.4,1941.4,1941.4,0,9,40051,131453
2008-06-17,201207,1922.5,1922.5,1922.5,1922.5,0,9,33758,130931
2008-06-18,201207,1948.1,1948.1,1948.1,1948.1,0,9,34336,131110
2008-06-19,201207,1962.8,1962.8,1962.8,1962.8,0,9,42071,134607
2008-06-20,201207,1957.9,1957.9,1957.9,1957.9,0,9,30967,134308
2008-06-23,201207,1896.4,1896.4,1896.4,1896.4,0,9,62214,130725
2008-06-24,201207,1877.9,1877.9,1877.9,1877.9,0,9,59244,128720
2008-06-25,201207,1866.7,1866.7,1866.7,1866.7,0,9,56594,130437
2008-06-26,201207,1927.2,1927.2,1927.2,1927.2,0,9,83360,127390
2008-06-27,201207,1977.7,1977.7,1977.7,1977.7,0,9,64413,126684
2008-06-30,201207,1954.7,1954.7,1954.7,1954.7,0,9,27105,126121
2008-07-01,201207,2033.7,2033.7,2033.7,2033.7,0,9,39683,130495
2008-07-02,201207,2046.5,2046.5,2046.5,2046.5,0,9,30775,133475
2008-07-03,201207,2039.7,2039.7,2039.7,2039.7,0,9,30024,135115
2008-07-07,201207,1989.6,1989.6,1989.6,1989.6,0,9,34727,135843
2008-07-08,201207,1991.2,1991.2,1991.2,1991.2,0,9,29871,135835
2008-07-09,201207,2018.6,2018.6,2018.6,2018.6,0,9,24386,136199
2008-07-10,201207,2032.8,2032.8,2032.8,2032.8,0,9,29894,134711
2008-07-11,201207,2089.1,2089.1,2089.1,2089.1,0,9,32312,139004
2008-07-14,201207,2135.1,2135.1,2135.1,2135.1,0,9,37489,140132
2008-07-15,201207,2107.5,2107.5,2107.5,2107.5,0,9,51296,143386
2008-07-16,201207,2087.3,2087.3,2087.3,2087.3,0,9,37246,142341
2008-07-17,201207,2089.2,2089.2,2089.2,2089.2,0,9,41052,143375
2008-07-18,201207,2033.2,2033.2,2033.2,2033.2,0,9,29231,142329
2008-07-21,201207,2064.7,2064.7,2064.7,2064.7,0,9,18790,141937
2008-07-22,201207,2022.6,2022.6,2022.6,2022.6,0,9,39436,140089
2008-07-23,201207,1966.5,1966.5,1966.5,1966.5,0,9,39510,137529
2008-07-24,201207,1941.2,1941.2,1941.2,1941.2,0,9,30330,136273
2008-07-25,201207,1949.0,1949.0,1949.0,1949.0,0,9,25563,133502
2008-07-28,201207,1954.2,1954.2,1954.2,1954.2,0,9,16962,133625
2008-07-29,201207,1944.7,1944.7,1944.7,1944.7,0,9,26914,132854
2008-07-30,201207,1951.9,1951.9,1951.9,1951.9,0,9,41013,131463
2008-07-31,201207,1983.2,1983.2,1983.2,1983.2,0,9,36159,131599
2008-08-01,201207,1955.1,1955.1,1955.1,1955.1,0,9,29428,131257
2008-08-04,201207,1914.6,1914.6,1914.6,1914.6,0,9,26940,132132
2008-08-05,201207,1856.8,1856.8,1856.8,1856.8,0,9,44583,133255
2008-08-06,201207,1851.9,1851.9,1851.9,1851.9,0,9,36187,134341
2008-08-07,201207,1821.9,1821.9,1821.9,1821.9,0,9,39298,135870
2008-08-08,201207,1815.0,1815.0,1815.0,1723.7,2,11,49794,137976
2008-08-11,201207,1649.1,1649.1,1649.1,1649.1,0,11,45932,138754
2008-08-12,201207,1630.7,1630.7,1630.7,1630.7,0,11,57073,140094
2008-08-13,201207,1670.7,1670.7,1670.7,1670.7,0,11,52710,138449
2008-08-14,201207,1605.2,1605.2,1605.2,1605.2,0,11,53150,139894
2008-08-15,201207,1500.0,1506.0,1496.0,1449.7,7,6,82662,138940
2008-08-18,201207,1479.0,1479.0,1479.0,1479.0,0,6,36800,135829
2008-08-19,201207,1478.9,1478.9,1478.9,1478.9,0,6,39976,135028
2008-08-20,201207,1471.9,1471.9,1471.9,1471.9,10,16,43290,133072
2008-08-21,201207,1542.8,1542.8,1542.8,1542.8,0,16,40540,129721
2008-08-22,201207,1517.7,1517.7,1517.7,1517.7,0,16,36462,128685
2008-08-25,201207,1504.2,1504.2,1504.2,1504.2,0,16,35244,127523
2008-08-26,201207,1524.5,1524.5,1524.5,1524.5,0,16,65819,125075
2008-08-27,201207,1513.2,1513.2,1513.2,1513.2,0,16,59181,120614
2008-08-28,201207,1527.2,1527.2,1527.2,1527.2,0,16,60895,118445
2008-08-29,201207,1527.2,1527.2,1527.2,1527.2,0,16,17159,115590
2008-09-02,201207,1466.7,1466.7,1466.7,1466.7,0,16,45762,116628
2008-09-03,201207,1444.3,1444.3,1444.3,1444.3,0,16,25531,116325
2008-09-04,201207,1441.8,1441.8,1441.8,1441.8,0,16,25127,116367
2008-09-05,201207,1369.5,1369.5,1369.5,1376.5,1,15,43147,116669
2008-09-08,201207,1348.6,1348.6,1348.6,1348.6,0,15,31217,116587
2008-09-09,201207,1309.0,1309.0,1309.0,1309.0,0,15,43029,116403
2008-09-10,201207,1218.4,1218.4,1218.4,1218.4,0,15,50828,116574
2008-09-11,201207,1180.7,1180.7,1180.7,1180.7,5,16,42862,115649
2008-09-12,201207,1207.2,1207.2,1207.2,1207.2,0,16,29041,114798
2008-09-15,201207,1235.7,1235.7,1235.7,1235.7,0,16,32924,113968
2008-09-16,201207,1103.5,1103.5,1103.5,1167.9,1,15,38456,112340
2008-09-17,201207,1283.2,1283.2,1283.2,1283.2,0,15,65545,107908
2008-09-18,201207,1390.7,1390.7,1390.7,1390.7,0,15,58579,107279
2008-09-19,201207,1378.7,1378.7,1378.7,1378.7,0,15,36454,106535
2008-09-22,201207,1488.7,1488.7,1488.7,1488.7,0,15,33893,104420
2008-09-23,201207,1460.2,1460.2,1460.2,1460.2,0,15,41353,104403
2008-09-24,201207,1488.8,1488.8,1488.8,1488.8,0,15,27315,103843
2008-09-25,201207,1472.3,1472.3,1472.3,1472.3,0,15,39228,102717
2008-09-26,201207,1492.4,1492.4,1492.4,1492.4,0,15,21762,102042
2008-09-29,201207,1432.9,1432.9,1432.9,1432.9,0,15,29086,101876
2008-09-30,201207,1358.7,1358.7,1358.7,1358.7,0,15,30933,103812
2008-10-01,201207,1413.2,1413.2,1413.2,1413.2,0,15,25742,102671
2008-10-02,201207,1235.2,1235.2,1235.2,1235.2,0,15,37257,102795
2008-10-03,201207,1254.9,1254.9,1254.9,1254.9,0,15,32849,101834
2008-10-06,201207,1240.7,1240.7,1240.7,1240.7,0,15,25422,100774
2008-10-07,201207,1249.4,1249.4,1249.4,1249.4,0,15,25108,99883
2008-10-08,201207,1295.0,1295.0,1295.0,1295.0,0,15,24336,99860
2008-10-09,201207,1310.3,1310.3,1310.3,1310.3,0,15,14578,99843
2008-10-10,201207,1176.7,1176.7,1176.7,1176.7,0,15,42972,102096
2008-10-13,201207,1194.3,1194.3,1194.3,1194.3,0,15,22701,97640
2008-10-14,201207,1217.2,1217.2,1217.2,1217.2,0,15,19272,98596
2008-10-15,201207,1124.2,1124.2,1124.2,1124.2,0,15,26277,99738
2008-10-16,201207,1061.7,1061.7,1061.7,1061.7,0,15,29401,99819
2008-10-17,201207,1027.7,1027.7,1027.7,1027.7,0,15,27075,97752
2008-10-20,201207,1043.5,1043.5,1043.5,1043.5,0,15,25310,96999
2008-10-21,201207,1074.7,1074.7,1074.7,1074.7,0,15,27545,95873
2008-10-22,201207,1007.0,1007.0,1007.0,1007.0,0,15,23889,95930
2008-10-23,201207,1011.3,1011.3,1011.3,1011.3,0,15,24417,93983
2008-10-24,201207,990.8,990.8,990.8,990.8,0,15,24769,93724
2008-10-27,201207,979.8,979.8,979.8,979.8,0,15,16430,93898
2008-10-28,201207,935.5,935.5,935.5,935.5,0,15,25957,95716
2008-10-29,201207,1037.0,1037.0,1037.0,1037.0,0,15,30010,94720
2008-10-30,201207,1070.0,1070.0,1070.0,1033.5,1,15,23132,94409
2008-10-31,201207,1022.0,1022.0,1022.0,1022.0,0,15,19858,93779
2008-11-03,201207,1027.3,1027.3,1027.3,1027.3,0,15,16089,93270
2008-11-04,201207,1065.3,1065.3,1065.3,1065.3,0,15,25692,94365
2008-11-05,201207,1096.0,1096.0,1096.0,1096.0,0,15,28819,93898
2008-11-06,201207,1058.8,1058.8,1058.8,1058.8,5,15,27675,94056
2008-11-07,201207,1052.6,1052.6,1052.6,1052.6,0,10,23848,95364
2008-11-10,201207,1077.0,1077.0,1077.0,1077.0,0,10,32390,93764
2008-11-11,201207,1033.3,1033.3,1033.3,1033.3,0,10,23287,94494
2008-11-12,201207,999.1,999.1,999.1,999.1,0,10,26126,94334
2008-11-13,201207,928.8,928.8,928.8,928.8,0,10,32539,93612
2008-11-14,201207,999.1,999.1,999.1,999.1,0,10,26538,92566
2008-11-17,201207,982.1,982.1,982.1,982.1,0,10,24308,93757
2008-11-18,201207,1002.5,1002.5,1002.5,1002.5,0,10,36569,91853
2008-11-19,201207,978.0,978.0,978.0,978.0,0,10,36584,91929
2008-11-20,201207,946.0,946.0,946.0,946.0,0,10,36574,92123
2008-11-21,201207,991.9,991.9,991.9,991.9,0,10,36235,90622
2008-11-24,201207,1080.5,1080.5,1080.5,1080.5,0,10,47224,90418
2008-11-25,201207,1072.0,1072.0,1072.0,1072.0,0,10,53937,86878
2008-11-26,201207,1068.2,1068.2,1068.2,1068.2,0,10,33638,86180
2008-11-28,201207,1064.6,1064.6,1064.6,1064.6,0,10,9937,84202
2008-12-01,201207,976.0,976.0,976.0,976.0,0,10,23178,85043
2008-12-02,201207,998.2,998.2,998.2,998.2,0,10,17932,82434
2008-12-03,201207,996.7,996.7,996.7,996.7,0,10,14283,82503
2008-12-04,201207,986.8,986.8,986.8,986.8,0,10,19754,83297
2008-12-05,201207,973.5,973.5,973.5,973.5,0,10,17997,83669
2008-12-08,201207,1030.8,1030.8,1030.8,1030.8,0,10,25554,83816
2008-12-09,201207,1015.8,1015.8,1015.8,1015.8,0,10,13396,83476
2008-12-10,201207,1052.5,1052.5,1052.5,1052.5,0,10,17068,84112
2008-12-11,201207,1072.8,1072.8,1072.8,1072.8,0,10,12725,84883
2008-12-12,201207,1052.7,1052.7,1052.7,1052.7,0,10,14603,85254
2008-12-15,201207,1091.2,1091.2,1091.2,1091.2,0,10,17571,86747
2008-12-16,201207,1099.6,1099.6,1099.6,1099.6,0,10,19600,87384
2008-12-17,201207,1161.5,1161.5,1161.5,1161.5,0,10,27642,86350
2008-12-18,201207,1131.3,1131.3,1131.3,1131.3,0,10,16549,86084
2008-12-19,201207,1104.5,1104.5,1104.5,1104.5,0,10,11873,85917
2008-12-22,201207,1106.5,1106.5,1106.5,1106.5,0,10,8197,85219
2008-12-23,201207,1045.5,1045.5,1045.5,1045.5,0,10,11931,85337
2008-12-24,201207,1054.3,1054.3,1054.3,1054.3,0,10,4290,85661
2008-12-26,201207,1072.3,1072.3,1072.3,1072.3,0,10,3390,85554
2008-12-29,201207,1100.3,1100.3,1100.3,1100.3,0,10,12960,85753
2008-12-30,201207,1117.1,1117.1,1117.1,1117.1,0,10,13461,85312
2008-12-31,201207,1148.8,1148.8,1148.8,1148.8,0,10,8362,85923
2009-01-02,201207,1168.5,1168.5,1168.5,1168.5,0,10,12683,86037
2009-01-05,201207,1147.0,1147.0,1147.0,1147.0,0,10,21158,86088
2009-01-06,201207,1165.3,1165.3,1165.3,1165.3,0,10,20165,86788
2009-01-07,201207,1130.7,1130.7,1130.7,1130.7,0,10,22677,86484
2009-01-08,201207,1130.5,1130.5,1130.5,1130.5,0,10,20193,86202
2009-01-09,201207,1153.3,1153.3,1153.3,1153.3,0,10,20033,87320
2009-01-12,201207,1095.8,1095.8,1095.8,1095.8,0,10,19988,87193
2009-01-13,201207,1089.1,1089.1,1089.1,1089.1,0,10,20011,85916
2009-01-14,201207,1068.3,1068.3,1068.3,1068.3,0,10,19693,86145
2009-01-15,201207,1064.9,1064.9,1064.9,1064.9,0,10,19078,85480
2009-01-16,201207,1143.3,1143.3,1143.3,1143.3,0,10,23287,87023
2009-01-20,201207,1134.2,1134.2,1134.2,1134.2,0,10,21061,86349
2009-01-21,201207,1148.2,1148.2,1148.2,1148.2,0,10,23737,86213
2009-01-22,201207,1152.4,1152.4,1152.4,1152.4,0,10,15936,87256
2009-01-23,201207,1212.4,1212.4,1212.4,1212.4,0,10,29513,88599
2009-01-26,201207,1231.0,1231.0,1231.0,1231.0,0,10,19058,88899
2009-01-27,201207,1238.5,1238.5,1238.5,1238.5,0,10,20222,89185
2009-01-28,201207,1216.9,1216.9,1216.9,1216.9,0,10,16648,89885
2009-01-29,201207,1235.6,1235.6,1235.6,1235.6,0,10,21740,90955
2009-01-30,201207,1282.9,1282.9,1282.9,1282.9,0,10,28700,92990
2009-02-02,201207,1288.0,1288.0,1288.0,1269.0,1,11,19088,93861
2009-02-03,201207,1257.3,1257.3,1257.3,1257.3,0,11,22721,93813
2009-02-04,201207,1277.0,1277.0,1277.0,1277.0,0,11,15577,93939
2009-02-05,201207,1305.9,1305.9,1305.9,1305.9,0,11,24979,93699
2009-02-06,201207,1347.2,1347.2,1347.2,1347.2,0,11,21845,94839
2009-02-09,201207,1314.0,1314.0,1314.0,1314.0,0,11,22669,94906
2009-02-10,201207,1342.4,1342.4,1342.4,1342.4,0,11,25648,96019
2009-02-11,201207,1382.2,1382.2,1382.2,1382.2,25,36,31774,95896
2009-02-12,201207,1388.0,1388.0,1388.0,1388.0,0,36,24604,97079
2009-02-13,201207,1401.5,1401.5,1401.5,1401.5,0,36,23501,98355
2009-02-17,201207,1440.0,1440.0,1440.0,1440.0,0,36,32607,99325
2009-02-18,201207,1468.4,1468.4,1468.4,1468.4,0,36,30561,99692
2009-02-19,201207,1432.3,1432.3,1432.3,1432.3,0,36,39023,99600
2009-02-20,201207,1485.7,1485.7,1485.7,1485.7,0,36,27153,98926
2009-02-23,201207,1481.4,1481.4,1481.4,1481.4,3,39,43175,101745
2009-02-24,201207,1444.5,1444.5,1444.5,1434.6,1,39,81945,101629
2009-02-25,201207,1422.4,1422.4,1422.4,1422.4,0,39,72238,98464
2009-02-26,201207,1327.8,1327.8,1327.8,1327.8,0,39,68795,95246
2009-02-27,201207,1342.2,1342.2,1342.2,1342.2,0,39,24158,94102
2009-03-02,201207,1333.8,1333.8,1333.8,1333.8,0,39,24642,93036
2009-03-03,201207,1297.8,1297.8,1297.8,1297.8,0,39,20912,93051
2009-03-04,201207,1317.8,1317.8,1317.8,1317.8,0,39,19144,92567
2009-03-05,201207,1337.0,1337.0,1337.0,1337.0,0,39,14551,92307
2009-03-06,201207,1360.0,1371.0,1360.0,1359.3,2,40,18915,92109
2009-03-09,201207,1320.4,1320.4,1320.4,1320.4,0,40,19940,92714
2009-03-10,201207,1281.3,1281.3,1281.3,1281.3,0,40,19464,92260
2009-03-11,201207,1308.1,1308.1,1308.1,1308.1,0,40,14240,91881
2009-03-12,201207,1320.1,1320.1,1320.1,1320.1,0,40,17028,92548
2009-03-13,201207,1348.0,1348.0,1348.0,1348.0,0,40,15877,92967
2009-03-16,201207,1317.9,1317.9,1317.9,1317.9,0,40,13523,92997
2009-03-17,201207,1293.5,1293.5,1293.5,1293.5,0,40,13895,92796
2009-03-18,201207,1219.3,1219.3,1219.3,1219.3,0,40,36660,92484
2009-03-19,201207,1374.5,1374.5,1374.5,1374.5,0,40,31012,92568
2009-03-20,201207,1407.0,1407.0,1407.0,1407.0,0,40,18797,92250
2009-03-23,201207,1410.6,1410.6,1410.6,1410.6,0,40,14258,92606
2009-03-24,201207,1360.0,1360.0,1360.0,1360.0,31,70,19298,93147
2009-03-25,201207,1368.2,1368.2,1368.2,1368.2,22,92,20424,93059
2009-03-26,201207,1387.2,1387.2,1387.2,1387.2,26,118,14840,92854
2009-03-27,201207,1350.3,1350.3,1350.3,1350.3,22,139,16814,93154
2009-03-30,201207,1327.0,1327.0,1327.0,1327.0,46,164,19676,92922
2009-03-31,201207,1322.2,1322.2,1322.2,1322.2,5,169,29847,94506
2009-04-01,201207,1320.8,1320.8,1320.8,1320.8,3,172,16065,93573
2009-04-02,201207,1328.9,1328.9,1328.9,1328.9,0,172,26522,93900
2009-04-03,201207,1302.3,1302.3,1302.3,1302.3,0,172,17512,93924
2009-04-06,201207,1238.5,1238.5,1238.5,1238.5,22,184,23079,93903
2009-04-07,201207,1247.5,1247.5,1247.5,1247.5,3,185,22515,93101
2009-04-08,201207,1260.0,1260.0,1260.0,1260.0,1,185,26053,92611
2009-04-09,201207,1258.9,1258.9,1258.9,1258.9,0,185,21176,91548
2009-04-13,201207,1300.8,1300.8,1300.8,1300.8,25,210,21753,93504
2009-04-14,201207,1299.4,1299.4,1299.4,1299.4,0,210,18802,94568
2009-04-15,201207,1303.2,1303.2,1303.2,1303.2,0,210,13584,94551
2009-04-16,201207,1248.8,1248.8,1248.8,1248.8,0,210,26750,94925
2009-04-17,201207,1203.3,1203.3,1203.3,1203.3,0,210,27348,95543
2009-04-20,201207,1234.8,1234.8,1234.8,1234.8,0,210,21586,96699
2009-04-21,201207,1230.5,1230.5,1230.5,1230.5,0,210,24110,96277
2009-04-22,201207,1256.3,1256.3,1256.3,1256.3,0,210,29800,95743
2009-04-23,201207,1301.3,1301.3,1301.3,1301.3,0,210,34503,97077
2009-04-24,201207,1319.7,1319.7,1319.7,1319.7,0,210,47922,95610
2009-04-27,201207,1321.0,1321.0,1321.0,1321.0,0,210,39290,94721
2009-04-28,201207,1264.7,1264.7,1264.7,1264.7,0,210,48820,90687
2009-04-29,201207,1299.6,1299.6,1299.6,1299.6,0,210,44775,89219
2009-04-30,201207,1257.6,1257.6,1257.6,1257.6,0,210,23749,89263
2009-05-01,201207,1276.9,1276.9,1276.9,1276.9,0,210,14994,88446
2009-05-04,201207,1338.3,1338.3,1338.3,1338.3,0,210,19587,89050
2009-05-05,201207,1369.5,1369.5,1369.5,1369.5,0,210,25945,89477
2009-05-06,201207,1398.3,1398.3,1398.3,1398.3,0,210,22956,91564
2009-05-07,201207,1432.0,1432.0,1432.0,1432.0,100,310,26474,93930
2009-05-08,201207,1423.9,1423.9,1423.9,1423.9,0,310,17564,94463
2009-05-11,201207,1418.5,1418.5,1418.5,1418.5,10,320,12758,95540
2009-05-12,201207,1447.8,1447.8,1447.8,1447.8,0,320,19883,96546
2009-05-13,201207,1426.5,1426.5,1426.5,1426.5,0,320,18562,95439
2009-05-14,201207,1428.5,1428.5,1428.5,1428.5,0,320,15326,96160
2009-05-15,201207,1425.7,1425.7,1425.7,1425.7,0,320,17525,94496
2009-05-18,201207,1407.6,1407.6,1407.6,1407.6,0,320,16891,94673
2009-05-19,201207,1437.1,1437.1,1437.1,1437.1,0,320,16030,96079
2009-05-20,201207,1452.5,1452.5,1452.5,1452.5,0,320,19818,95719
2009-05-21,201207,1470.6,1470.6,1470.6,1470.6,0,320,19656,96096
2009-05-22,201207,1497.1,1497.1,1497.1,1497.1,1,319,23769,96769
2009-05-26,201207,1491.2,1491.2,1491.2,1491.2,0,319,22080,98120
2009-05-27,201207,1519.0,1519.0,1519.0,1519.0,0,319,28427,100655
2009-05-28,201207,1551.8,1551.8,1551.8,1551.8,0,319,26990,102573
2009-05-29,201207,1594.4,1594.4,1594.4,1594.4,0,319,33164,102631
2009-06-01,201207,1611.5,1611.5,1611.5,1611.5,0,319,27326,103499
2009-06-02,201207,1632.5,1632.5,1632.5,1632.5,0,319,47060,104986
2009-06-03,201207,1565.0,1565.0,1565.0,1565.0,0,319,44969,106173
2009-06-04,201207,1625.5,1625.5,1625.5,1625.5,0,319,38654,109274
2009-06-05,201207,1583.5,1583.5,1583.5,1583.5,0,319,47997,105791
2009-06-08,201207,1544.7,1544.7,1544.7,1544.7,0,319,37362,106225
2009-06-09,201207,1561.5,1561.5,1561.5,1561.5,0,319,33819,106447
2009-06-10,201207,1574.5,1574.5,1574.5,1574.5,6,319,38992,107157
2009-06-11,201207,1600.3,1600.3,1600.3,1600.3,0,319,47428,109036
2009-06-12,201207,1533.9,1533.9,1533.9,1533.9,0,319,34681,109232
2009-06-15,201207,1445.1,1445.1,1445.1,1445.1,0,319,37842,106351
2009-06-16,201207,1454.9,1454.9,1454.9,1454.9,0,319,24042,103981
2009-06-17,201207,1467.8,1467.8,1467.8,1467.8,0,319,43451,108158
2009-06-18,201207,1468.6,1468.6,1468.6,1468.6,0,319,23898,107740
2009-06-19,201207,1463.4,1463.4,1463.4,1463.4,0,319,32130,111380
2009-06-22,201207,1410.9,1410.9,1410.9,1410.9,0,319,51216,106844
2009-06-23,201207,1424.2,1424.2,1424.2,1424.2,0,319,45190,105699
2009-06-24,201207,1416.5,1440.0,1416.5,1431.1,2,319,63743,104727
2009-06-25,201207,1438.1,1438.1,1438.1,1438.1,0,319,39284,103642
2009-06-26,201207,1448.7,1448.7,1448.7,1448.7,0,319,52694,102788
2009-06-29,201207,1431.1,1431.1,1431.1,1431.1,0,319,30015,104499
2009-06-30,201207,1396.1,1396.1,1396.1,1396.1,0,319,27320,104594
2009-07-01,201207,1413.0,1413.0,1413.0,1413.0,0,319,24265,100969
2009-07-02,201207,1376.0,1376.0,1376.0,1376.0,30,349,20172,101397
2009-07-06,201207,1357.7,1357.7,1357.7,1357.7,0,349,22485,100995
2009-07-07,201207,1356.1,1356.1,1356.1,1356.1,0,349,16573,100376
2009-07-08,201207,1318.7,1318.7,1318.7,1318.7,1,348,26823,100891
2009-07-09,201207,1328.0,1328.0,1328.0,1328.0,0,348,21561,98809
2009-07-10,201207,1298.4,1298.4,1298.4,1298.4,0,348,28517,100314
2009-07-13,201207,1280.0,1280.0,1280.0,1312.6,1,349,21539,99934
2009-07-14,201207,1322.2,1322.2,1322.2,1322.2,7,346,17509,99662
2009-07-15,201207,1359.5,1359.5,1359.5,1359.5,2,344,28637,99334
2009-07-16,201207,1360.2,1360.2,1360.2,1360.2,0,344,15052,99744
2009-07-17,201207,1378.5,1378.5,1378.5,1378.5,0,344,17125,98632
2009-07-20,201207,1401.7,1401.7,1401.7,1401.7,1,343,21428,98823
2009-07-21,201207,1381.9,1381.9,1381.9,1381.9,2,343,16801,98269
2009-07-22,201207,1405.6,1405.6,1405.6,1405.6,1,342,22687,96402
2009-07-23,201207,1414.7,1414.7,1414.7,1414.7,0,342,18664,96309
2009-07-24,201207,1424.5,1424.5,1424.5,1424.5,0,342,14246,96292
2009-07-27,201207,1438.4,1438.4,1438.4,1438.4,0,342,19622,97498
2009-07-28,201207,1411.2,1411.2,1411.2,1411.2,0,342,25891,97761
2009-07-29,201207,1366.9,1366.9,1366.9,1366.9,0,342,25781,98782
2009-07-30,201207,1393.0,1393.0,1393.0,1393.0,450,528,20640,97827
2009-07-31,201207,1435.5,1435.5,1435.5,1435.5,5,528,30574,99411
2009-08-03,201207,1472.2,1472.2,1472.2,1472.2,2,528,31379,100405
2009-08-04,201207,1521.0,1521.0,1521.0,1521.0,0,528,34600,99477
2009-08-05,201207,1525.7,1525.7,1525.7,1525.7,0,528,22769,100807
2009-08-06,201207,1516.2,1516.2,1516.2,1516.2,0,528,57658,100297
2009-08-07,201207,1524.3,1524.3,1524.3,1524.3,13,518,44028,102476
2009-08-10,201207,1492.0,1492.0,1492.0,1492.0,0,518,33739,103670
2009-08-11,201207,1487.5,1487.5,1487.5,1487.5,0,518,32005,104790
2009-08-12,201207,1511.1,1511.1,1511.1,1511.1,7,516,46503,105328
2009-08-13,201207,1550.8,1550.8,1550.8,1550.8,525,855,43607,108964
2009-08-14,201207,1521.4,1521.4,1521.4,1521.4,1,855,33169,109129
2009-08-17,201207,1443.0,1443.0,1443.0,1443.0,7,860,53127,104411
2009-08-18,201207,1443.5,1443.5,1443.5,1443.5,0,860,29239,103527
2009-08-19,201207,1433.4,1433.4,1433.4,1433.4,0,860,58349,102082
2009-08-20,201207,1433.8,1433.8,1433.8,1433.8,0,860,31341,101220
2009-08-21,201207,1467.2,1467.2,1467.2,1467.2,0,860,33045,102133
2009-08-24,201207,1490.0,1490.0,1490.0,1470.5,3,860,39087,103578
2009-08-25,201207,1480.5,1480.5,1480.5,1480.5,0,860,44672,101539
2009-08-26,201207,1473.1,1473.1,1473.1,1473.1,0,860,54298,100548
2009-08-27,201207,1451.0,1451.0,1451.0,1469.7,1,860,48143,100357
2009-08-28,201207,1526.6,1526.6,1526.6,1526.6,0,860,50819,104810
2009-08-31,201207,1535.9,1535.9,1535.9,1535.9,0,860,21327,105057
2009-09-01,201207,1548.0,1548.0,1548.0,1548.0,6,859,30006,106671
2009-09-02,201207,1577.5,1577.5,1577.5,1577.5,0,859,33296,108300
2009-09-03,201207,1672.0,1672.0,1672.0,1672.0,0,859,41030,112394
2009-09-04,201207,1673.8,1673.8,1673.8,1673.8,0,859,33052,113418
2009-09-08,201207,1694.8,1694.8,1694.8,1694.8,0,859,35943,116421
2009-09-09,201207,1691.9,1691.9,1691.9,1691.9,0,859,33008,117749
2009-09-10,201207,1709.0,1709.0,1709.0,1709.0,0,859,32622,121162
2009-09-11,201207,1711.0,1711.0,1711.0,1711.0,0,859,27173,123004
2009-09-14,201207,1704.1,1704.1,1704.1,1704.1,0,859,23313,120902
2009-09-15,201207,1744.8,1744.8,1744.8,1744.8,0,859,26501,125151
2009-09-16,201207,1790.3,1790.3,1790.3,1790.3,0,859,31171,125306
2009-09-17,201207,1773.3,1773.3,1773.3,1773.3,0,859,32054,124378
2009-09-18,201207,1753.5,1753.5,1753.5,1753.5,0,859,29657,125585
2009-09-21,201207,1733.3,1733.3,1733.3,1733.3,0,859,25332,128785
2009-09-22,201207,1757.7,1757.7,1757.7,1757.7,0,859,24397,128184
2009-09-23,201207,1736.6,1736.6,1736.6,1736.6,0,859,30147,129030
2009-09-24,201207,1669.0,1669.0,1669.0,1669.0,0,859,41062,128440
2009-09-25,201207,1646.2,1646.2,1646.2,1646.2,0,859,39959,126037
2009-09-28,201207,1660.7,1660.7,1660.7,1660.7,0,859,21661,126002
2009-09-29,201207,1659.3,1659.3,1659.3,1659.3,0,859,27536,128507
2009-09-30,201207,1700.0,1700.0,1700.0,1706.9,3,861,37638,127672
2009-10-01,201207,1682.0,1682.0,1682.0,1682.0,0,861,33863,126714
2009-10-02,201207,1659.8,1659.8,1659.8,1659.8,0,861,35206,128036
2009-10-05,201207,1691.2,1691.2,1691.2,1691.2,0,861,23948,127638
2009-10-06,201207,1770.5,1770.5,1770.5,1770.5,0,861,48440,131801
2009-10-07,201207,1790.0,1790.0,1790.0,1790.0,0,861,23948,131417
2009-10-08,201207,1823.2,1823.2,1823.2,1823.2,10,871,38364,133113
2009-10-09,201207,1815.8,1815.8,1815.8,1815.8,14,878,27975,133944
2009-10-12,201207,1829.2,1829.2,1829.2,1829.2,0,878,17280,133797
2009-10-13,201207,1827.2,1827.2,1827.2,1827.2,2,878,40378,136015
2009-10-14,201207,1835.2,1835.2,1835.2,1835.2,20,898,29939,136731
2009-10-15,201207,1784.3,1784.3,1784.3,1784.3,0,898,41549,136698
2009-10-16,201207,1785.9,1785.9,1785.9,1785.9,0,898,30807,136387
2009-10-19,201207,1801.0,1801.0,1801.0,1806.0,1,898,22762,136505
2009-10-20,201207,1797.4,1797.4,1797.4,1797.4,0,898,28343,135456
2009-10-21,201207,1825.2,1825.2,1825.2,1825.2,0,898,31426,137437
2009-10-22,201207,1790.0,1790.0,1790.0,1795.7,6,898,33298,135763
2009-10-23,201207,1815.1,1815.1,1815.1,1815.1,0,898,42286,137605
2009-10-26,201207,1752.3,1752.3,1752.3,1752.3,0,898,49489,134414
2009-10-27,201207,1736.5,1736.5,1736.5,1693.8,1,898,58405,132843
2009-10-28,201207,1660.0,1660.0,1660.0,1660.0,99,874,53138,132389
2009-10-29,201207,1703.2,1703.2,1703.2,1703.2,0,874,48077,131991
2009-10-30,201207,1660.4,1660.4,1660.4,1660.4,0,874,42763,130427
2009-11-02,201207,1685.0,1685.0,1685.0,1679.1,0,876,40885,130440
2009-11-03,201207,1755.1,1755.1,1755.1,1755.1,0,876,63444,129240
2009-11-04,201207,1792.5,1792.5,1792.5,1779.3,1,876,53550,136451
2009-11-05,201207,1779.7,1779.7,1779.7,1779.7,0,876,33767,140732
2009-11-06,201207,1774.4,1774.4,1774.4,1774.4,2,874,45591,140144
2009-11-09,201207,1785.0,1785.0,1785.0,1785.0,0,866,38039,140275
2009-11-10,201207,1775.0,1775.0,1775.0,1758.1,6,874,51080,136309
2009-11-11,201207,1789.1,1789.1,1789.1,1789.1,0,874,53096,134334
2009-11-12,201207,1762.6,1762.6,1762.6,1762.6,0,874,44263,133987
2009-11-13,201207,1764.0,1764.0,1764.0,1773.6,2,874,44696,135239
2009-11-16,201207,1874.4,1874.4,1874.4,1874.4,77,835,65303,138664
2009-11-17,201207,1865.0,1865.0,1864.5,1872.4,28,843,73914,141146
2009-11-18,201207,1879.5,1879.5,1878.5,1874.6,11,837,68674,139738
2009-11-19,201207,1877.5,1877.5,1877.5,1877.5,0,837,46843,141208
2009-11-20,201207,1876.4,1876.4,1876.4,1876.4,0,834,64219,143674
2009-11-23,201207,1924.5,1927.5,1910.0,1894.2,6,837,79892,144505
2009-11-24,201207,1877.3,1877.3,1877.3,1877.3,22,846,92498,136162
2009-11-25,201207,1908.3,1908.3,1908.3,1908.3,0,846,85777,135492
2009-11-27,201207,1861.0,1861.0,1861.0,1861.0,0,846,81975,133187
2009-11-30,201207,1879.8,1879.8,1879.8,1879.8,0,846,31798,131516
2009-12-01,201207,1948.6,1948.6,1948.6,1948.6,0,846,39358,131899
2009-12-02,201207,1961.2,1961.2,1961.2,1961.2,10,856,42547,131884
2009-12-03,201207,1942.8,1942.8,1942.8,1942.8,0,856,46194,130848
2009-12-04,201207,1886.8,1886.8,1886.8,1886.8,0,856,51961,129232
2009-12-07,201207,1867.1,1867.1,1867.1,1867.1,0,856,47302,128735
2009-12-08,201207,1808.6,1808.6,1808.6,1808.6,0,856,37092,125999
2009-12-09,201207,1744.0,1744.0,1744.0,1744.0,0,856,47612,124476
2009-12-10,201207,1746.2,1746.2,1746.2,1746.2,1,856,28614,123411
2009-12-11,201207,1737.6,1737.6,1737.6,1737.6,0,856,40321,121860
2009-12-14,201207,1764.4,1764.4,1764.4,1764.4,0,856,23271,122356
2009-12-15,201207,1778.6,1778.6,1778.6,1778.6,0,856,27004,121787
2009-12-16,201207,1800.9,1800.9,1800.9,1800.9,0,856,25390,121373
2009-12-17,201207,1747.1,1747.1,1747.1,1747.1,0,856,36092,122093
2009-12-18,201207,1760.1,1760.1,1760.1,1760.1,0,856,28757,122188
2009-12-21,201207,1732.7,1732.7,1732.7,1732.7,0,856,27059,123701
2009-12-22,201207,1735.1,1735.1,1735.1,1735.1,0,856,33699,122294
2009-12-23,201207,1752.3,1752.3,1752.3,1752.3,0,856,17585,122298
2009-12-24,201207,1779.9,1779.9,1779.9,1779.9,0,856,9256,122448
2009-12-28,201207,1796.3,1796.3,1796.3,1796.3,25,856,15455,124301
2009-12-29,201207,1751.7,1751.7,1751.7,1751.7,0,856,19709,124334
2009-12-30,201207,1718.7,1718.7,1718.7,1718.7,0,856,23402,123968
2009-12-31,201207,1724.4,1724.4,1724.4,1724.4,0,856,12598,124057
2010-01-04,201207,1785.1,1785.1,1785.1,1785.1,0,856,34043,125620
2010-01-05,201207,1815.8,1815.8,1815.8,1815.8,0,856,34961,125391
2010-01-06,201207,1854.3,1854.3,1854.3,1854.3,0,856,38180,125183
2010-01-07,201207,1870.4,1870.4,1870.4,1870.4,0,856,29870,127096
2010-01-08,201207,1881.7,1881.7,1881.7,1881.7,0,856,37337,127372
2010-01-11,201207,1903.0,1903.0,1903.0,1903.0,75,891,35739,131939
2010-01-12,201207,1857.2,1857.2,1857.2,1857.2,37,923,38514,128675
2010-01-13,201207,1888.3,1888.3,1888.3,1888.3,0,923,34244,130015
2010-01-14,201207,1897.7,1897.7,1897.7,1897.7,37,933,26826,130337
2010-01-15,201207,1873.8,1873.8,1873.8,1873.8,0,933,31230,129663
2010-01-19,201207,1911.5,1911.5,1911.5,1911.5,0,933,42104,131385
2010-01-20,201207,1817.0,1817.0,1817.0,1817.0,0,933,61515,126220
2010-01-21,201207,1779.3,1779.3,1779.3,1779.3,0,933,56203,126941
2010-01-22,201207,1720.5,1720.5,1720.5,1720.5,23,956,51689,125868
2010-01-25,201207,1742.6,1742.6,1742.6,1742.6,0,956,31198,124775
2010-01-26,201207,1713.0,1713.0,1713.0,1713.0,0,956,50455,124895
2010-01-27,201207,1669.8,1669.8,1669.8,1669.8,0,956,34876,124582
2010-01-28,201207,1647.5,1647.5,1647.5,1647.5,0,956,49788,122144
2010-01-29,201207,1644.9,1644.9,1644.9,1644.9,0,956,37091,123393
2010-02-01,201207,1693.4,1693.4,1693.4,1693.4,0,956,37459,121619
2010-02-02,201207,1702.0,1702.0,1702.0,1702.0,0,956,34834,122261
2010-02-03,201207,1659.1,1659.1,1659.1,1659.1,0,956,51563,123292
2010-02-04,201207,1600.0,1600.0,1600.0,1559.6,4,956,74092,122817
2010-02-05,201207,1506.0,1506.0,1506.0,1506.0,2,956,67245,124384
2010-02-08,201207,1533.8,1533.8,1533.8,1533.8,19,956,47771,120901
2010-02-09,201207,1569.8,1569.8,1569.8,1569.8,50,931,58047,118593
2010-02-10,201207,1558.2,1558.2,1558.2,1558.2,0,931,51892,118571
2010-02-11,201207,1588.0,1588.0,1588.0,1588.0,0,931,50763,118324
2010-02-12,201207,1572.0,1572.0,1572.0,1572.0,0,931,38383,118673
2010-02-16,201207,1642.7,1642.7,1642.7,1642.7,20,941,60160,120166
2010-02-17,201207,1638.4,1638.4,1638.4,1638.4,10,948,60833,120626
2010-02-18,201207,1636.0,1636.0,1636.0,1636.0,6,951,54860,119101
2010-02-19,201207,1674.8,1674.8,1674.8,1674.8,30,981,48565,118625
2010-02-22,201207,1653.6,1653.6,1653.6,1653.6,2,983,58109,117969
2010-02-23,201207,1618.2,1618.2,1618.2,1618.2,2,983,70572,117376
2010-02-24,201207,1622.5,1622.5,1622.5,1622.5,0,983,78377,114331
2010-02-25,201207,1637.0,1637.0,1637.0,1638.9,4,987,86002,108504
2010-02-26,201207,1677.5,1677.5,1677.5,1677.5,0,987,35643,107635
2010-03-01,201207,1671.6,1671.6,1671.6,1671.6,4,991,27675,108073
2010-03-02,201207,1732.1,1732.1,1732.1,1732.1,2,991,39250,108248
2010-03-03,201207,1759.3,1759.3,1759.3,1759.3,0,991,43435,109918
2010-03-04,201207,1745.0,1745.0,1745.0,1745.0,3,994,31981,110698
2010-03-05,201207,1769.5,1769.5,1769.5,1769.5,14,1001,28236,111347
2010-03-08,201207,1757.2,1757.2,1757.2,1757.2,15,1009,30067,111678
2010-03-09,201207,1763.2,1763.2,1763.2,1763.2,4,1013,38779,112130
2010-03-10,201207,1730.8,1730.8,1730.8,1730.8,6,1019,47681,111003
2010-03-11,201207,1746.0,1746.0,1746.0,1746.0,0,1019,32203,111608
2010-03-12,201207,1735.3,1735.3,1735.3,1735.3,0,1019,32123,111354
2010-03-15,201207,1740.8,1740.8,1740.8,1740.8,0,1019,19726,111310
2010-03-16,201207,1765.2,1765.2,1765.2,1765.2,0,1019,31331,114192
2010-03-17,201207,1781.3,1781.3,1781.3,1781.3,6,1019,25905,113089
2010-03-18,201207,1772.0,1772.0,1772.0,1772.0,52,1051,27071,114132
2010-03-19,201207,1733.6,1733.6,1733.6,1733.6,14,1047,37201,113692
2010-03-22,201207,1723.0,1723.0,1723.0,1723.0,0,1047,34574,113317
2010-03-23,201207,1731.0,1731.0,1731.0,1731.0,0,1047,33482,112520
2010-03-24,201207,1694.5,1694.5,1694.5,1694.5,0,1047,29840,112811
2010-03-25,201207,1706.0,1706.0,1706.0,1706.0,2,1047,30889,113088
2010-03-26,201207,1721.8,1721.8,1721.8,1721.8,0,1047,32938,112338
2010-03-29,201207,1771.6,1771.6,1771.6,1771.6,14,1056,38317,115199
2010-03-30,201207,1765.8,1765.8,1765.8,1765.8,0,1056,22631,113405
2010-03-31,201207,1785.2,1785.2,1785.2,1785.2,0,1056,34835,114788
2010-04-01,201207,1800.0,1800.0,1800.0,1823.0,21,1069,33522,118631
2010-04-05,201207,1849.3,1849.3,1849.3,1849.3,29,1098,27660,117391
2010-04-06,201207,1829.8,1829.8,1829.8,1829.8,28,1126,35468,118712
2010-04-07,201207,1855.5,1855.5,1855.5,1855.5,28,1131,38185,119583
2010-04-08,201207,1846.9,1846.9,1846.9,1846.9,21,1152,39345,121609
2010-04-09,201207,1870.6,1870.6,1870.6,1870.6,14,1144,41282,124013
2010-04-12,201207,1875.4,1875.4,1875.4,1875.4,39,1161,40691,124280
2010-04-13,201207,1857.9,1857.9,1857.9,1857.9,0,1161,57820,123661
2010-04-14,201207,1874.8,1874.8,1874.8,1874.8,13,1174,45578,125628
2010-04-15,201207,1865.5,1865.5,1865.5,1876.0,14,1187,31570,128188
2010-04-16,201207,1796.9,1796.9,1796.9,1796.9,0,1187,63365,125472
2010-04-19,201207,1802.8,1802.8,1802.8,1802.8,0,1187,38534,125534
2010-04-20,201207,1814.5,1814.5,1814.5,1814.5,0,1187,53898,126679
2010-04-21,201207,1840.6,1840.6,1840.6,1840.6,0,1187,45053,127879
2010-04-22,201207,1833.7,1833.7,1833.7,1833.7,0,1187,50568,127398
2010-04-23,201207,1854.8,1854.8,1854.8,1854.8,3,1187,52493,126152
2010-04-26,201207,1869.0,1869.0,1869.0,1869.0,0,1187,60683,124696
2010-04-27,201207,1848.0,1848.0,1848.0,1844.9,10,1192,61299,124157
2010-04-28,201207,1844.3,1844.3,1844.3,1844.3,0,1192,81079,123067
2010-04-29,201207,1888.4,1888.4,1888.4,1888.4,0,1192,61047,123906
2010-04-30,201207,1899.5,1903.0,1899.5,1893.2,15,1206,35674,124216
2010-05-03,201207,1907.5,1907.5,1900.0,1915.7,15,1220,24144,124819
2010-05-04,201207,1924.0,1924.0,1924.0,1813.7,1,1220,57720,123448
2010-05-05,201207,1770.0,1770.0,1770.0,1781.3,10,1220,63811,120913
2010-05-06,201207,1783.0,1783.0,1783.0,1779.9,1,1220,55529,121649
2010-05-07,201207,1885.5,1885.5,1885.5,1875.2,2,1220,62194,118169
2010-05-10,201207,1884.2,1884.2,1884.2,1884.2,0,1220,35588,119406
2010-05-11,201207,1942.0,1950.0,1942.0,1960.9,29,1249,60988,122669
2010-05-12,201207,1957.5,1991.0,1957.5,1998.6,15,1264,45035,123049
2010-05-13,201207,1992.0,2014.0,1992.0,1982.1,16,1277,48497,127046
2010-05-14,201207,1942.0,1942.0,1942.0,1952.5,22,1284,50761,126644
2010-05-17,201207,1914.9,1914.9,1914.9,1914.9,20,1304,40030,128321
2010-05-18,201207,1916.4,1916.4,1916.4,1916.4,0,1304,41962,125228
2010-05-19,201207,1838.1,1838.1,1838.1,1838.1,112,1257,67419,123505
2010-05-20,201207,1796.6,1796.6,1796.6,1796.6,78,1325,56334,123815
2010-05-21,201207,1787.0,1787.0,1787.0,1791.7,1,1297,48448,119449
2010-05-24,201207,1831.0,1831.0,1831.0,1831.0,117,1225,29710,119877
2010-05-25,201207,1810.3,1810.3,1810.3,1810.3,7,1218,40936,120120
2010-05-26,201207,1865.3,1865.3,1865.3,1865.3,4,1218,44470,121384
2010-05-27,201207,1882.1,1882.1,1882.1,1882.1,206,1018,32391,120480
2010-05-28,201207,1875.2,1875.2,1875.2,1875.2,0,1018,30898,120951
2010-06-01,201207,1889.0,1889.0,1889.0,1889.0,2,1018,35717,122368
2010-06-02,201207,1866.3,1866.3,1866.3,1866.3,506,784,31938,122309
2010-06-03,201207,1828.1,1828.1,1828.1,1828.1,0,784,36613,122671
2010-06-04,201207,1839.5,1839.5,1839.5,1762.4,1,784,50033,121123
2010-06-07,201207,1850.7,1850.7,1850.7,1850.7,41,784,63595,122137
2010-06-08,201207,1882.1,1882.1,1882.1,1882.1,0,784,47947,122536
2010-06-09,201207,1852.4,1852.4,1852.4,1852.4,51,742,48721,124843
2010-06-10,201207,1869.6,1869.6,1869.6,1869.6,4,740,47719,125381
2010-06-11,201207,1857.5,1857.5,1857.5,1857.5,0,740,52784,127912
2010-06-14,201207,1877.0,1877.0,1877.0,1877.0,3,740,33576,128880
2010-06-15,201207,1871.0,1871.0,1871.0,1893.9,65,788,32119,131070
2010-06-16,201207,1875.0,1880.0,1875.0,1879.1,45,786,36732,132031
2010-06-17,201207,1911.5,1912.5,1911.5,1911.8,3,786,42403,135994
2010-06-18,201207,1953.1,1953.1,1953.1,1953.1,0,786,55887,139210
2010-06-21,201207,1960.0,1960.0,1960.0,1914.5,65,848,60563,141062
2010-06-22,201207,1923.0,1923.0,1923.0,1923.8,10,858,47879,139019
2010-06-23,201207,1878.4,1878.4,1878.4,1878.4,0,858,61599,137145
2010-06-24,201207,1906.1,1906.1,1906.1,1906.1,0,858,68916,135634
2010-06-25,201207,1936.0,1936.5,1936.0,1943.4,7,861,81399,132798
2010-06-28,201207,1899.2,1899.2,1899.2,1899.2,0,861,62918,130172
2010-06-29,201207,1890.4,1890.4,1890.4,1890.4,0,861,52392,128065
2010-06-30,201207,1897.8,1897.8,1897.8,1897.8,0,861,27898,127990
2010-07-01,201207,1820.0,1820.0,1807.0,1805.1,2,862,48601,127254
2010-07-02,201207,1798.1,1798.1,1798.1,1798.1,0,862,39551,121276
2010-07-06,201207,1811.7,1811.7,1811.7,1811.7,0,862,29419,118962
2010-07-07,201207,1825.9,1825.9,1825.9,1825.9,0,862,27720,119163
2010-07-08,201207,1813.1,1813.1,1813.1,1813.1,0,862,25156,118547
2010-07-09,201207,1833.7,1833.7,1833.7,1833.7,0,862,18476,118413
2010-07-12,201207,1818.1,1818.1,1818.1,1818.1,0,862,19234,118435
2010-07-13,201207,1853.4,1853.4,1853.4,1853.4,0,862,21672,117959
2010-07-14,201207,1846.0,1850.0,1846.0,1856.1,8,867,25987,118578
2010-07-15,201207,1849.0,1849.0,1849.0,1862.1,3,867,25696,118482
2010-07-16,201207,1808.5,1808.5,1808.5,1803.8,2,869,33038,118779
2010-07-19,201207,1791.0,1791.0,1785.0,1779.0,3,868,33933,118902
2010-07-20,201207,1769.0,1791.0,1769.0,1793.9,4,872,26609,117531
2010-07-21,201207,1805.0,1805.0,1805.0,1804.9,1,872,26671,116296
2010-07-22,201207,1787.5,1833.5,1787.5,1837.2,6,876,35841,117862
2010-07-23,201207,1839.5,1839.5,1839.5,1837.0,2,877,31000,115922
2010-07-26,201207,1847.6,1847.6,1847.6,1847.6,0,877,21109,116544
2010-07-27,201207,1789.8,1789.8,1789.8,1789.8,0,877,41732,117370
2010-07-28,201207,1771.5,1771.5,1771.5,1770.9,1,877,44657,118143
2010-07-29,201207,1787.5,1787.5,1787.5,1787.1,1,877,27972,117510
2010-07-30,201207,1826.4,1826.4,1826.4,1826.4,0,877,39692,119111
2010-08-02,201207,1868.7,1868.7,1868.7,1868.7,140,984,46042,120770
2010-08-03,201207,1868.2,1868.2,1868.2,1868.2,0,984,29092,123464
2010-08-04,201207,1854.5,1854.5,1854.5,1854.5,0,984,32378,124679
2010-08-05,201207,1858.1,1858.1,1858.1,1858.1,7,991,24782,124098
2010-08-06,201207,1872.8,1872.8,1872.8,1872.8,0,991,31585,125596
2010-08-09,201207,1850.2,1850.2,1850.2,1850.2,0,991,23155,125462
2010-08-10,201207,1836.0,1846.0,1836.0,1842.2,14,996,42473,123370
2010-08-11,201207,1815.0,1815.0,1815.0,1815.0,0,996,38896,123141
2010-08-12,201207,1832.9,1832.9,1832.9,1832.9,0,1096,39253,124580
2010-08-13,201207,1821.0,1821.0,1821.0,1838.2,4,1100,22988,123773
2010-08-16,201207,1866.0,1868.0,1866.0,1869.7,10,1005,27425,126233
2010-08-17,201207,1886.4,1886.4,1886.4,1886.4,0,1005,34952,128848
2010-08-18,201207,1866.2,1866.2,1866.2,1866.2,0,1005,79065,128758
2010-08-19,201207,1858.4,1858.4,1858.4,1858.4,0,1005,44156,129628
2010-08-20,201207,1820.0,1820.0,1820.0,1824.2,2,1006,49537,127502
2010-08-23,201207,1824.3,1824.3,1824.3,1824.3,0,1006,41185,122991
2010-08-24,201207,1863.1,1863.1,1863.1,1863.1,0,1006,82555,124185
2010-08-25,201207,1901.0,1917.5,1900.0,1930.3,17,1017,82824,128751
2010-08-26,201207,1924.3,1924.3,1924.3,1924.3,0,1017,73271,128442
2010-08-27,201207,1947.0,1947.0,1947.0,1931.3,17,1027,75887,130072
2010-08-30,201207,1930.6,1930.6,1930.6,1930.6,0,1027,25898,129420
2010-08-31,201207,1965.3,1965.3,1965.3,1965.3,0,1027,31210,130813
2010-09-01,201207,1961.4,1961.4,1961.4,1961.4,0,1027,27537,132334
2010-09-02,201207,1981.0,1981.0,1981.0,1989.7,4,1031,27959,133717
2010-09-03,201207,2017.8,2017.8,2017.8,2017.8,0,1031,33847,137796
2010-09-07,201207,2011.0,2011.0,2011.0,2013.5,1,1030,37773,139522
2010-09-08,201207,2021.0,2022.0,2018.0,2024.0,8,1038,34881,140214
2010-09-09,201207,2009.4,2009.4,2009.4,2009.4,0,1038,35056,140514
2010-09-10,201207,2009.8,2009.8,2009.8,2009.8,0,1038,30720,141859
2010-09-13,201207,2039.4,2039.4,2039.4,2039.4,0,1038,28514,144872
2010-09-14,201207,2066.7,2066.7,2066.7,2066.7,0,1038,42115,144798
2010-09-15,201207,2080.6,2080.6,2080.6,2080.6,45,1048,34049,146899
2010-09-16,201207,2101.3,2101.3,2101.3,2101.3,10,1048,30568,146441
2010-09-17,201207,2106.1,2106.1,2106.1,2106.1,0,1048,35982,146377
2010-09-20,201207,2104.6,2104.6,2104.6,2104.6,0,1048,24054,145412
2010-09-21,201207,2087.3,2087.3,2087.3,2087.3,140,1103,39202,146767
2010-09-22,201207,2128.7,2128.7,2128.7,2128.7,0,1103,38999,146534
2010-09-23,201207,2145.1,2145.1,2145.1,2145.1,0,1103,34785,147778
2010-09-24,201207,2164.7,2164.7,2164.7,2164.7,0,1103,35891,150728
2010-09-27,201207,2171.2,2171.2,2171.2,2171.2,25,1104,27748,151888
2010-09-28,201207,2185.0,2199.5,2185.0,2194.3,27,1129,58379,154219
2010-09-29,201207,2219.7,2219.7,2219.7,2219.7,0,1129,44428,154254
2010-09-30,201207,2206.3,2206.3,2206.3,2206.3,0,1129,54619,152540
2010-10-01,201207,2225.5,2225.5,2225.5,2231.4,71,1162,43485,153636
2010-10-04,201207,2228.3,2228.3,2228.3,2228.3,21,1165,29883,153761
2010-10-05,201207,2299.0,2299.0,2299.0,2299.0,0,1165,62987,156096
2010-10-06,201207,2315.0,2329.0,2315.0,2329.1,25,1184,52193,155330
2010-10-07,201207,2380.0,2380.0,2279.5,2282.3,17,1183,92146,152725
2010-10-08,201207,2315.0,2355.5,2315.0,2334.4,48,1207,70716,155385
2010-10-11,201207,2359.7,2359.7,2359.7,2359.7,0,1207,40946,153050
2010-10-12,201207,2339.3,2339.3,2339.3,2339.3,1,1207,53141,153970
2010-10-13,201207,2419.0,2419.0,2419.0,2419.0,0,1207,64143,155661
2010-10-14,201207,2471.0,2471.0,2471.0,2470.4,7,1207,77698,153657
2010-10-15,201207,2447.0,2447.0,2447.0,2455.7,2,1209,73346,152268
2010-10-18,201207,2458.5,2458.5,2412.0,2467.8,24,1227,57829,151466
2010-10-19,201207,2392.0,2406.5,2381.0,2403.7,24,1229,84848,151104
2010-10-20,201207,2373.0,2407.0,2373.0,2411.4,10,1229,58089,151239
2010-10-21,201207,2375.0,2375.0,2375.0,2338.6,4,1231,83099,151279
2010-10-22,201207,2336.6,2336.6,2336.6,2336.6,0,1231,54812,149082
2010-10-25,201207,2379.7,2379.7,2379.7,2379.7,0,1231,47390,150390
2010-10-26,201207,2408.0,2408.0,2408.0,2411.1,2,1229,73371,152980
2010-10-27,201207,2385.0,2385.0,2385.0,2369.1,26,1228,65010,152291
2010-10-28,201207,2415.3,2415.3,2415.3,2415.3,0,1228,56684,153044
2010-10-29,201207,2442.0,2442.0,2442.0,2484.0,21,1247,72348,154866
2010-11-01,201207,2483.5,2483.5,2483.5,2483.5,0,1247,62090,156509
2010-11-02,201207,2514.1,2514.1,2514.1,2514.1,0,1247,50484,158633
2010-11-03,201207,2473.5,2473.5,2473.5,2473.5,2,1249,88659,157187
2010-11-04,201207,2590.0,2590.0,2588.0,2634.9,28,1249,96684,163693
2010-11-05,201207,2652.5,2654.0,2652.5,2709.4,28,1249,96989,159473
2010-11-08,201207,2781.6,2781.6,2781.6,2781.6,50,1230,107303,157884
2010-11-09,201207,2933.5,2933.5,2933.5,2933.5,1,1229,201216,156418
2010-11-10,201207,2728.6,2728.6,2728.6,2728.6,0,1229,161521,149654
2010-11-11,201207,2784.6,2784.6,2784.6,2784.6,282,1174,104367,147801
2010-11-12,201207,2727.5,2727.5,2713.0,2635.2,5,1124,130245,147674
2010-11-15,201207,2650.8,2650.8,2650.8,2650.8,1,1124,94829,145405
2010-11-16,201207,2563.9,2563.9,2563.9,2563.9,0,1124,115263,146693
2010-11-17,201207,2591.3,2591.3,2591.3,2591.3,0,1124,92359,146528
2010-11-18,201207,2725.0,2725.0,2725.0,2725.6,1,1124,89670,144248
2010-11-19,201207,2760.5,2760.5,2760.5,2760.5,0,1124,98485,146778
2010-11-22,201207,2786.6,2786.6,2786.6,2786.6,260,1316,94078,146214
2010-11-23,201207,2796.2,2796.2,2796.2,2796.2,8,1316,150027,147685
2010-11-24,201207,2785.0,2785.0,2785.0,2796.4,35,1328,91084,137944
2010-11-26,201207,2770.0,2770.0,2706.5,2713.4,5,1328,110395,137132
2010-11-29,201207,2756.1,2756.1,2756.1,2756.1,0,1328,136701,132790
2010-11-30,201207,2856.5,2856.5,2856.5,2856.5,164,1328,98543,133139
2010-12-01,201207,2855.0,2857.0,2855.0,2877.0,2,1328,72237,133000
2010-12-02,201207,2891.7,2891.7,2891.7,2891.7,0,1328,70787,133476
2010-12-03,201207,2955.0,2974.0,2955.0,2959.1,55,1329,64182,135876
2010-12-06,201207,3015.0,3015.0,3004.0,3004.2,3,1328,84715,137226
2010-12-07,201207,3011.7,3011.7,3011.7,3011.7,1,1328,120898,137675
2010-12-08,201207,2908.0,2908.0,2908.0,2861.7,1,1328,114292,132011
2010-12-09,201207,2917.6,2917.6,2917.6,2917.6,0,1328,68926,130647
2010-12-10,201207,2897.6,2897.6,2897.6,2897.6,20,1328,63196,129712
2010-12-13,201207,3000.3,3000.3,3000.3,3000.3,0,1328,61775,131324
2010-12-14,201207,3016.8,3016.8,3016.8,3016.8,0,1328,68097,130145
2010-12-15,201207,2964.6,2964.6,2964.6,2964.6,0,1328,68114,130332
2010-12-16,201207,2917.5,2917.5,2917.5,2917.5,0,1328,69294,130865
2010-12-17,201207,2950.7,2950.7,2950.7,2950.7,0,1328,46815,131819
2010-12-20,201207,2972.0,2972.0,2972.0,2972.0,0,1328,51427,131948
2010-12-21,201207,2976.0,2976.0,2976.0,2976.0,5,1328,45988,133135
2010-12-22,201207,2975.8,2975.8,2975.8,2975.8,0,1328,27240,133994
2010-12-23,201207,2971.3,2971.3,2971.3,2971.3,0,1328,29593,134352
2010-12-27,201207,2965.0,2965.0,2965.0,2965.0,0,1328,18944,133627
2010-12-28,201207,3065.0,3065.0,3065.0,3073.1,2,1330,40506,137918
2010-12-29,201207,3109.9,3109.9,3109.9,3109.9,0,1330,32561,137810
2010-12-30,201207,3089.5,3089.5,3089.5,3089.5,80,1410,31327,136275
2010-12-31,201207,3130.4,3130.4,3130.4,3130.4,0,1410,18664,135970
2011-01-03,201207,3149.4,3149.4,3149.4,3149.4,15,1425,44305,136286
2011-01-04,201207,2984.1,2984.1,2984.1,2984.1,0,1425,88164,136931
2011-01-05,201207,2957.9,2957.9,2957.9,2957.9,14,1420,87462,138560
2011-01-06,201207,2960.0,2960.0,2959.5,2949.4,8,1420,68429,139291
2011-01-07,201207,2900.7,2900.7,2900.7,2900.7,5,1418,92716,137079
2011-01-10,201207,2920.8,2920.8,2920.8,2920.8,0,1418,49299,135683
2011-01-11,201207,2983.1,2983.1,2983.1,2983.1,111,1418,56079,136331
2011-01-12,201207,2987.4,2987.4,2987.4,2987.4,0,1418,49534,137059
2011-01-13,201207,2958.4,2958.4,2958.4,2958.4,0,1418,74747,135881
2011-01-14,201207,2855.0,2855.0,2855.0,2861.6,30,1428,81384,136929
2011-01-18,201207,2921.2,2921.2,2921.2,2921.2,0,1428,61975,135675
2011-01-19,201207,2894.0,2894.0,2894.0,2894.0,14,1433,96115,136552
2011-01-20,201207,2759.0,2759.0,2759.0,2759.0,0,1433,103210,135841
2011-01-21,201207,2753.9,2753.9,2753.9,2753.9,0,1433,69183,133596
2011-01-24,201207,2723.5,2723.5,2723.5,2742.2,3,1201,70438,128228
2011-01-25,201207,2670.0,2670.0,2670.0,2688.5,48,1159,71426,125229
2011-01-26,201207,2721.0,2721.0,2721.0,2721.0,8,1159,56023,124221
2011-01-27,201207,2750.0,2750.0,2750.0,2711.4,1,1159,65602,123551
2011-01-28,201207,2684.0,2771.5,2683.0,2798.3,12,1162,83982,124343
2011-01-31,201207,2823.8,2823.8,2823.8,2823.8,4,1162,59643,123380
2011-02-01,201207,2839.5,2841.0,2839.5,2858.9,12,1165,67333,125287
2011-02-02,201207,2834.5,2834.5,2834.5,2834.4,15,1173,47172,126251
2011-02-03,201207,2874.4,2874.4,2874.4,2874.4,16,1179,79892,130601
2011-02-04,201207,2907.7,2907.7,2907.7,2907.7,12,1171,63437,132160
2011-02-07,201207,2936.8,2936.8,2936.8,2936.8,0,1171,52025,132332
2011-02-08,201207,2935.0,2935.0,2935.0,3029.1,18,1175,80656,135797
2011-02-09,201207,3028.8,3028.8,3028.8,3028.8,32,1179,70105,135440
2011-02-10,201207,3010.9,3010.9,3010.9,3010.9,1,1178,68308,140275
2011-02-11,201207,2993.5,2993.5,2993.0,2999.7,27,1179,72971,142520
2011-02-14,201207,2981.5,2981.5,2981.0,3053.1,4,1179,66810,147465
2011-02-15,201207,3066.6,3066.6,3066.6,3066.6,2,1179,57703,147113
2011-02-16,201207,3056.1,3056.1,3056.1,3056.1,0,1179,101033,148266
2011-02-17,201207,3148.8,3148.8,3148.8,3148.8,10,1184,103195,150615
2011-02-18,201207,3214.8,3214.8,3214.8,3214.8,80,1264,117094,150160
2011-02-22,201207,3269.5,3300.0,3265.0,3265.1,10,1264,181191,145070
2011-02-23,201207,3305.9,3305.9,3305.9,3305.9,33,1251,136854,141512
2011-02-24,201207,3191.0,3191.0,3191.0,3294.9,11,1261,141493,136570
2011-02-25,201207,3273.5,3273.5,3271.0,3271.3,2,1263,103514,135479
2011-02-28,201207,3316.0,3316.5,3316.0,3360.0,51,1263,63925,136214
2011-03-01,201207,3376.5,3378.0,3376.5,3422.2,4,1263,60772,135802
2011-03-02,201207,3466.0,3466.0,3466.0,3466.0,30,1276,57275,135513
2011-03-03,201207,3415.6,3415.6,3415.6,3415.6,4,1276,68685,135654
2011-03-04,201207,3514.2,3514.2,3514.2,3514.2,0,1276,68654,139218
2011-03-07,201207,3590.5,3590.5,3590.5,3570.0,4,1276,89362,135667
2011-03-08,201207,3541.5,3541.5,3541.5,3551.7,9,1278,74715,133485
2011-03-09,201207,3599.0,3599.0,3567.0,3591.6,152,1308,66561,133492
2011-03-10,201207,3490.0,3490.0,3475.0,3493.1,5,1311,83624,132677
2011-03-11,201207,3457.0,3569.0,3457.0,3581.6,8,1312,104614,136977
2011-03-14,201207,3629.5,3629.5,3577.5,3571.6,118,1403,62154,136093
2011-03-15,201207,3463.5,3463.5,3385.0,3398.8,3,1405,110683,134914
2011-03-16,201207,3385.0,3438.5,3385.0,3434.7,11,1396,86578,132816
2011-03-17,201207,3412.8,3412.8,3412.8,3412.8,34,1378,60558,132608
2011-03-18,201207,3458.0,3518.5,3453.0,3500.3,73,1416,65558,133076
2011-03-21,201207,3538.0,3587.0,3538.0,3598.2,17,1395,55201,133749
2011-03-22,201207,3625.3,3625.3,3625.3,3625.3,0,1395,64170,135988
2011-03-23,201207,3721.5,3724.0,3721.5,3717.4,15,1395,66606,137035
2011-03-24,201207,3734.9,3734.9,3734.9,3734.9,83,1429,100165,137642
2011-03-25,201207,3743.5,3743.5,3717.5,3702.4,2,1429,76435,139420
2011-03-28,201207,3707.9,3707.9,3707.9,3707.9,0,1429,66498,138460
2011-03-29,201207,3697.9,3697.9,3697.9,3697.9,30,1459,64050,138486
2011-03-30,201207,3748.5,3748.5,3748.5,3750.7,4,1439,75739,137612
2011-03-31,201207,3778.0,3778.0,3757.5,3788.9,2,1439,57010,137580
2011-04-01,201207,3775.5,3775.5,3775.5,3775.5,11,1441,85963,139454
2011-04-04,201207,3843.0,3843.0,3843.0,3851.4,2,1442,51423,141268
2011-04-05,201207,3921.4,3921.4,3921.4,3921.4,2,1443,88589,143013
2011-04-06,201207,3931.0,3956.5,3931.0,3943.2,3,1445,83713,144221
2011-04-07,201207,3960.1,3960.1,3960.1,3960.1,5,1450,75745,144647
2011-04-08,201207,4066.7,4066.7,4066.7,4066.7,2,1450,77842,144923
2011-04-11,201207,4088.0,4135.0,4005.0,4067.4,45,1440,132213,145772
2011-04-12,201207,4011.0,4011.0,4011.0,4012.4,7,1439,141111,144670
2011-04-13,201207,4029.2,4029.2,4029.2,4029.2,0,1439,106025,145065
2011-04-14,201207,4186.5,4186.5,4186.5,4171.2,144,1486,112983,148652
2011-04-15,201207,4260.5,4260.5,4260.5,4260.5,0,1486,132545,146270
2011-04-18,201207,4324.5,4326.0,4305.5,4297.5,36,1508,185250,143803
2011-04-19,201207,4306.0,4347.5,4298.0,4389.3,27,1490,129203,144981
2011-04-20,201207,4449.0,4512.5,4447.0,4443.4,29,1492,170342,144301
2011-04-21,201207,4584.0,4657.0,4576.0,4602.0,24,1493,189781,149899
2011-04-25,201207,4766.0,4946.5,4700.0,4710.9,174,1597,319204,152945
2011-04-26,201207,4626.0,4636.0,4505.0,4500.9,66,1611,286820,143341
2011-04-27,201207,4510.0,4777.5,4510.0,4590.5,21,1604,311961,135844
2011-04-28,201207,4911.0,4911.0,4852.0,4745.0,48,1610,226297,129712
2011-04-29,201207,4860.0,4860.0,4816.0,4848.6,79,1650,107614,132200
2011-05-02,201207,4274.5,4597.5,4274.5,4597.9,254,1734,200758,130567
2011-05-03,201207,4479.5,4521.5,4172.0,4245.4,292,1759,179916,131907
2011-05-04,201207,4157.5,4157.5,3890.0,3920.8,23,1750,178805,130525
2011-05-05,201207,3885.0,3900.0,3623.5,3604.0,48,1741,227180,134804
2011-05-06,201207,3410.5,3624.0,3385.0,3512.7,102,1729,194448,129454
2011-05-09,201207,3553.5,3680.0,3553.5,3697.8,89,1671,109120,124235
2011-05-10,201207,3800.0,3833.0,3786.0,3836.2,51,1671,101898,123537
2011-05-11,201207,3866.5,3920.0,3504.0,3539.9,61,1694,152710,123121
2011-05-12,201207,3281.5,3296.5,3281.0,3469.3,48,1702,163456,121213
2011-05-13,201207,3445.5,3580.0,3445.5,3491.2,31,1701,126478,123086
2011-05-16,201207,3478.0,3489.5,3475.5,3403.4,31,1701,92357,122231
2011-05-17,201207,3320.0,3360.0,3320.0,3339.4,3,1702,91431,120227
2011-05-18,201207,3383.0,3502.0,3383.0,3500.6,27,1707,81976,121972
2011-05-19,201207,3484.9,3484.9,3484.9,3484.9,2,1708,67517,122613
2011-05-20,201207,3499.5,3508.0,3499.5,3500.8,17,1708,75021,121495
2011-05-23,201207,3455.5,3458.0,3448.0,3483.2,90,1704,44690,121357
2011-05-24,201207,3508.5,3618.5,3505.5,3606.4,206,1799,86928,121395
2011-05-25,201207,3629.5,3788.5,3625.5,3759.2,68,1797,87458,122962
2011-05-26,201207,3812.0,3870.0,3698.5,3727.5,21,1805,83436,120891
2011-05-27,201207,3774.5,3797.5,3743.0,3780.9,8,1808,52622,121539
2011-05-31,201207,3807.0,3849.0,3802.0,3825.6,33,1814,62912,120853
2011-06-01,201207,3827.0,3828.0,3676.5,3764.0,35,1813,88205,121702
2011-06-02,201207,3690.5,3690.5,3690.5,3614.7,8,1815,95986,123289
2011-06-03,201207,3621.5,3621.5,3554.0,3613.2,14,1814,84565,121606
2011-06-06,201207,3669.0,3714.0,3669.0,3672.5,3,1814,58334,121077
2011-06-07,201207,3699.0,3699.0,3699.0,3699.0,1,1814,71229,121191
2011-06-08,201207,3656.0,3656.0,3656.0,3656.0,8,1808,62403,119866
2011-06-09,201207,3736.4,3736.4,3736.4,3736.4,12,1808,52641,121512
2011-06-10,201207,3776.5,3776.5,3660.0,3627.1,45,1810,75456,118630
2011-06-13,201207,3550.0,3550.0,3510.5,3466.8,84,1827,95294,118698
2011-06-14,201207,3535.5,3535.5,3535.5,3535.5,77,1782,79338,118846
2011-06-15,201207,3537.0,3537.0,3537.0,3535.1,11,1782,70519,118545
2011-06-16,201207,3545.5,3553.5,3533.5,3550.5,23,1793,63341,117811
2011-06-17,201207,3569.2,3569.2,3569.2,3569.2,2,1791,73657,116676
2011-06-20,201207,3602.3,3602.3,3602.3,3602.3,19,1793,60043,117503
2011-06-21,201207,3593.0,3649.0,3593.0,3633.3,4,1795,74604,120238
2011-06-22,201207,3660.0,3664.0,3652.0,3669.8,23,1803,62830,119359
2011-06-23,201207,3620.0,3629.0,3620.0,3495.9,27,1800,132737,119838
2011-06-24,201207,3461.1,3461.1,3461.1,3461.1,50,1817,101125,120512
2011-06-27,201207,3377.5,3377.5,3349.0,3356.2,4,1818,109880,118010
2011-06-28,201207,3396.5,3397.0,3375.0,3362.2,29,1825,105173,114330
2011-06-29,201207,3427.5,3475.0,3415.5,3476.4,391,1735,101946,112075
2011-06-30,201207,3483.9,3483.9,3483.9,3483.9,75,1746,49560,110978
2011-07-01,201207,3371.2,3371.2,3371.2,3371.2,0,1746,49946,111606
2011-07-05,201207,3541.4,3541.4,3541.4,3541.4,8,1750,61106,111251
2011-07-06,201207,3570.5,3600.0,3570.5,3591.5,9,1753,68373,111140
2011-07-07,201207,3653.3,3653.3,3653.3,3653.3,27,1761,52350,110539
2011-07-08,201207,3684.0,3685.0,3666.0,3653.5,21,1751,46720,111206
2011-07-11,201207,3569.0,3569.0,3569.0,3569.0,27,1742,58743,112754
2011-07-12,201207,3561.5,3561.5,3561.5,3562.6,29,1734,60838,112795
2011-07-13,201207,3764.0,3823.0,3764.0,3814.8,62,1755,101001,116168
2011-07-14,201207,3922.5,3922.5,3911.0,3869.6,24,1757,83454,115389
2011-07-15,201207,3849.0,3909.5,3849.0,3906.1,6,1756,61307,115266
2011-07-18,201207,3932.0,4035.0,3932.0,4034.4,40,1761,81028,115318
2011-07-19,201207,4083.0,4083.0,4009.0,4022.5,35,1759,79307,115999
2011-07-20,201207,3930.5,3998.5,3830.0,3955.2,102,1759,71025,116336
2011-07-21,201207,3993.0,3993.0,3993.0,3894.3,53,1760,75421,116016
2011-07-22,201207,4012.0,4012.0,4012.0,4012.0,6,1761,61007,117251
2011-07-25,201207,4072.0,4072.0,4072.0,4036.6,21,1762,66680,117195
2011-07-26,201207,4070.4,4070.4,4070.4,4070.4,4,1762,56569,119563
2011-07-27,201207,4115.0,4115.0,4115.0,4056.0,64,1765,82773,120198
2011-07-28,201207,4018.5,4018.5,3945.0,3978.7,171,1811,59058,119654
2011-07-29,201207,3982.0,4012.0,3963.0,4009.7,158,1866,48324,119517
2011-08-01,201207,3927.5,3933.5,3927.5,3929.7,52,1866,47246,121061
2011-08-02,201207,4047.0,4085.0,4047.0,4008.8,31,1853,48569,120385
2011-08-03,201207,4159.0,4194.5,4159.0,4176.9,117,1896,86148,119981
2011-08-04,201207,4174.0,4217.5,3900.5,3944.5,109,1889,128622,119241
2011-08-05,201207,3970.0,3970.0,3970.0,3822.8,62,1899,100842,115724
2011-08-08,201207,4038.0,4038.0,4038.0,3940.7,26,1912,91044,114366
2011-08-09,201207,3806.0,3806.0,3801.0,3791.6,33,1926,121211,115939
2011-08-10,201207,3823.5,3823.5,3823.5,3934.0,67,1952,79381,113905
2011-08-11,201207,3881.0,3881.0,3878.5,3868.6,14,1951,69636,115703
2011-08-12,201207,3912.6,3912.6,3912.6,3912.6,0,1951,40479,116172
2011-08-15,201207,3931.7,3931.7,3931.7,3931.7,4,1952,41426,115859
2011-08-16,201207,3946.5,4000.0,3946.0,3983.1,34,1968,55175,116007
2011-08-17,201207,4032.0,4032.0,3985.5,4036.4,11,1972,62597,117283
2011-08-18,201207,4070.1,4070.1,4070.1,4070.1,5,1973,64296,116153
2011-08-19,201207,4226.0,4226.0,4226.0,4245.2,20,1986,97903,121950
2011-08-22,201207,4385.5,4385.5,4385.0,4335.3,5,1985,112889,121089
2011-08-23,201207,4296.0,4329.0,4177.5,4232.1,39,1988,134077,122543
2011-08-24,201207,4175.0,4175.0,4175.0,3919.2,124,1997,156418,120054
2011-08-25,201207,3910.0,4060.0,3905.0,4078.3,26,1987,130635,118443
2011-08-26,201207,4111.0,4122.0,4040.0,4099.3,39,1995,123189,115609
2011-08-29,201207,4172.0,4172.0,4055.0,4060.0,7,1996,82607,113910
2011-08-30,201207,4106.0,4142.0,4106.0,4147.5,19,1994,66588,112375
2011-08-31,201207,4165.0,4165.0,4136.0,4178.2,49,1992,41833,112243
2011-09-01,201207,4145.0,4145.0,4140.0,4154.8,8,1992,30670,111735
2011-09-02,201207,4317.5,4343.0,4306.0,4307.7,34,1991,43425,113633
2011-09-06,201207,4181.0,4181.0,4181.0,4187.8,36,1955,69690,113449
2011-09-07,201207,4164.2,4164.2,4164.2,4164.2,0,1955,43638,112137
2011-09-08,201207,4255.3,4255.3,4255.3,4255.3,11,1944,38393,113213
2011-09-09,201207,4230.0,4267.5,4185.0,4165.6,46,1945,43700,113383
2011-09-12,201207,4118.0,4118.0,4118.0,4025.8,111,2007,46968,113116
2011-09-13,201207,4087.0,4087.0,4087.0,4124.6,82,2002,40212,112726
2011-09-14,201207,4058.0,4058.0,4058.0,4058.3,57,2006,40596,112612
2011-09-15,201207,4070.0,4070.0,3954.5,3954.2,51,2005,49717,112349
2011-09-16,201207,4010.0,4080.0,4010.0,4087.6,76,2021,37131,112187
2011-09-19,201207,4029.5,4029.5,3948.0,3921.1,116,2020,49378,112490
2011-09-20,201207,4000.0,4031.0,3996.5,4018.7,54,2006,45259,112103
2011-09-21,201207,4030.0,4030.0,4005.0,4051.3,103,2033,44305,111553
2011-09-22,201207,3980.0,3980.0,3560.0,3662.4,231,2100,87889,110785
2011-09-23,201207,3335.0,3335.0,3080.0,3013.8,292,2225,127619,108858
2011-09-26,201207,2989.0,3054.0,2620.0,3002.1,1577,2044,122390,106574
2011-09-27,201207,3222.0,3300.0,3170.5,3159.4,96,2033,89427,102014
2011-09-28,201207,3230.0,3230.0,2962.0,3019.5,444,2322,68933,100644
2011-09-29,201207,2962.0,3106.0,2962.0,3058.3,644,2225,57627,101396
2011-09-30,201207,3050.5,3050.5,3027.0,3014.6,164,2319,43894,101170
2011-10-03,201207,3050.0,3050.0,3050.0,3085.6,306,2270,46890,101021
2011-10-04,201207,2984.0,3007.5,2955.0,2990.5,154,2294,59477,101102
2011-10-05,201207,2995.0,3044.0,2911.0,3041.6,195,2355,53370,100552
2011-10-06,201207,3090.0,3090.0,3090.0,3207.0,82,2372,56185,100165
2011-10-07,201207,3230.0,3230.0,3107.0,3105.8,55,2403,43894,100221
2011-10-10,201207,3222.5,3222.5,3222.5,3204.9,44,2387,24833,102419
2011-10-11,201207,3191.5,3191.5,3172.0,3206.7,283,2406,38169,99698
2011-10-12,201207,3225.0,3300.0,3213.5,3286.4,124,2405,41141,100175
2011-10-13,201207,3170.5,3171.0,3170.5,3174.1,94,2416,32201,101327
2011-10-14,201207,3190.5,3224.0,3190.5,3225.0,187,2420,31547,101637
2011-10-17,201207,3228.0,3257.0,3194.0,3189.7,130,2440,40446,102604
2011-10-18,201207,3098.0,3098.0,3098.0,3190.9,312,2538,60179,103357
2011-10-19,201207,3174.0,3174.0,3116.5,3134.3,255,2602,56286,105441
2011-10-20,201207,3051.0,3070.0,3017.0,3034.6,115,2635,57422,106445
2011-10-21,201207,3127.5,3127.5,3127.5,3125.6,166,2711,34948,105320
2011-10-24,201207,3168.0,3177.5,3156.5,3170.8,97,2748,32993,106843
2011-10-25,201207,3224.0,3333.5,3224.0,3311.1,85,2772,60047,107066
2011-10-26,201207,3343.5,3343.5,3343.5,3337.2,164,2866,43948,107046
2011-10-27,201207,3363.0,3527.5,3363.0,3518.0,223,2973,58504,110917
2011-10-28,201207,3553.0,3553.0,3513.0,3535.8,266,3104,39484,110360
2011-10-31,201207,3443.5,3444.5,3426.5,3442.7,202,3183,40650,109017
2011-11-01,201207,3255.0,3343.5,3255.0,3281.0,710,3338,57965,108675
2011-11-02,201207,3403.0,3403.0,3403.0,3403.0,599,3405,46279,107089
2011-11-03,201207,3459.1,3459.1,3459.1,3459.1,927,3168,47273,107361
2011-11-04,201207,3441.0,3441.0,3407.0,3418.6,130,3209,38890,108798
2011-11-07,201207,3472.0,3499.0,3472.0,3494.1,167,3191,49841,110047
2011-11-08,201207,3501.5,3507.0,3492.5,3527.5,191,3201,61131,111841
2011-11-09,201207,3461.0,3461.5,3397.5,3449.0,170,3168,71455,109689
2011-11-10,201207,3431.5,3431.5,3348.0,3423.3,221,3253,56115,107527
2011-11-11,201207,3470.0,3470.0,3470.0,3481.7,367,3213,51199,110897
2011-11-14,201207,3472.5,3474.0,3430.0,3415.6,52,3210,43720,111163
2011-11-15,201207,3459.3,3459.3,3459.3,3459.3,274,3392,54179,110513
2011-11-16,201207,3432.0,3432.0,3381.0,3396.3,1899,2362,69362,108846
2011-11-17,201207,3373.0,3373.0,3120.5,3163.9,932,2637,86527,110002
2011-11-18,201207,3166.0,3264.5,3149.5,3255.8,376,2811,78878,109615
2011-11-21,201207,3136.0,3136.0,3100.0,3125.6,137,2732,68803,114020
2011-11-22,201207,3184.0,3310.5,3184.0,3310.4,1520,2532,86712,108548
2011-11-23,201207,3274.0,3274.0,3193.5,3203.7,174,2556,99119,104689
2011-11-25,201207,3182.0,3182.0,3116.0,3116.3,70,2577,75182,104191
2011-11-28,201207,3181.0,3234.5,3181.0,3231.3,197,2670,75791,99056
2011-11-29,201207,3212.0,3224.0,3199.0,3202.1,156,2671,53560,98959
2011-11-30,201207,3215.0,3260.0,3215.0,3287.1,95,2666,55395,98068
2011-12-01,201207,3280.0,3337.5,3278.0,3282.7,39,2663,34472,96677
2011-12-02,201207,3350.5,3352.0,3285.5,3275.9,40,2665,35882,96080
2011-12-05,201207,3311.5,3311.5,3200.0,3244.7,49,2665,32648,95479
2011-12-06,201207,3204.5,3300.0,3204.5,3282.1,125,2674,40012,95684
2011-12-07,201207,3272.0,3289.0,3263.0,3270.9,357,2714,34030,94999
2011-12-08,201207,3212.0,3212.0,3163.0,3162.6,633,2954,56186,96761
2011-12-09,201207,3235.0,3237.5,3235.0,3235.1,164,2944,35454,96150
2011-12-12,201207,3120.5,3120.5,3109.0,3109.7,95,2939,39745,97262
2011-12-13,201207,3157.0,3157.0,3074.0,3135.9,254,2955,42113,98311
2011-12-14,201207,3050.0,3050.0,2888.5,2903.3,913,3470,85866,102578
2011-12-15,201207,2917.0,2934.5,2832.0,2937.6,273,3402,47650,103462
2011-12-16,201207,2960.0,2981.0,2954.5,2976.9,73,3313,32195,100894
2011-12-19,201207,2920.5,2943.5,2896.5,2897.2,81,3319,52003,102054
2011-12-20,201207,2952.5,2962.5,2952.5,2963.3,51,3341,24799,101165
2011-12-21,201207,2950.5,2968.0,2925.0,2934.4,47,3331,27573,101430
2011-12-22,201207,2918.0,2926.5,2913.0,2913.3,314,3498,22513,102225
2011-12-23,201207,2939.0,2939.0,2937.5,2917.1,21,3508,10708,102330
2011-12-27,201207,2887.0,2899.0,2871.0,2882.8,36,3510,12750,103993
2011-12-28,201207,2830.5,2830.5,2702.0,2732.1,135,3557,33525,105249
2011-12-29,201207,2698.5,2782.5,2650.0,2739.4,473,3708,39637,105982
2011-12-30,201207,2761.0,2844.5,2750.0,2799.7,104,3684,25819,105669
2012-01-03,201207,2851.0,2971.0,2851.0,2965.9,420,3875,40406,107101
2012-01-04,201207,2928.0,2949.0,2911.0,2917.4,483,3977,38484,105688
2012-01-05,201207,2939.0,2957.5,2880.0,2936.6,589,4232,42654,106471
2012-01-06,201207,2935.5,2948.5,2874.5,2875.5,927,4593,41989,106526
2012-01-09,201207,2878.0,2903.0,2868.5,2885.7,442,4653,33576,104745
2012-01-10,201207,2914.5,3020.0,2913.5,2990.0,949,4750,43672,104345
2012-01-11,201207,3015.0,3018.0,2978.0,2997.8,380,4900,38512,103882
2012-01-12,201207,3000.0,3071.0,3000.0,3021.3,381,4953,38466,103877
2012-01-13,201207,3032.5,3033.0,2960.5,2960.7,606,5015,38201,102825
2012-01-17,201207,2987.5,3054.0,2987.5,3022.4,941,4935,44059,103668
2012-01-18,201207,2998.5,3065.0,2996.0,3063.4,693,4514,45895,102870
2012-01-19,201207,3054.0,3095.0,3050.0,3059.7,235,4529,35608,102055
2012-01-20,201207,3056.0,3222.5,3056.0,3176.5,761,4992,45852,104406
2012-01-23,201207,3202.0,3263.5,3202.0,3236.5,811,5434,46106,103030
2012-01-24,201207,3230.0,3240.0,3205.5,3206.5,459,5447,32315,103025
2012-01-25,201207,3226.0,3337.0,3169.5,3321.4,334,5531,55711,102516
2012-01-26,201207,3329.0,3384.0,3328.5,3384.0,877,5819,42987,102006
2012-01-27,201207,3361.0,3402.0,3353.5,3388.8,399,5984,34877,101915
2012-01-30,201207,3402.5,3402.5,3328.0,3362.8,694,5925,34127,102642
2012-01-31,201207,3362.5,3410.0,3312.0,3336.4,659,6158,53405,101747
2012-02-01,201207,3330.5,3408.0,3327.5,3391.7,1033,6312,50783,101921
2012-02-02,201207,3393.0,3443.0,3369.5,3428.0,1275,6756,62120,103409
2012-02-03,201207,3431.0,3435.0,3350.0,3385.8,788,7194,55922,104540
2012-02-06,201207,3371.5,3383.5,3320.0,3386.1,1117,7005,48947,105438
2012-02-07,201207,3370.5,3444.0,3335.0,3430.9,2009,7338,64356,106008
2012-02-08,201207,3422.5,3450.0,3381.0,3381.6,3704,8121,69448,105332
2012-02-09,201207,3390.0,3450.0,3380.0,3403.0,1566,8387,54944,105366
2012-02-10,201207,3410.0,3410.0,3350.0,3371.7,1264,8615,59134,105969
2012-02-13,201207,3391.0,3405.0,3359.0,3383.5,1295,8417,50470,106192
2012-02-14,201207,3366.5,3385.0,3350.0,3346.2,1463,7696,55840,104872
2012-02-15,201207,3386.0,3397.5,3334.5,3352.6,1806,7853,67809,106621
2012-02-16,201207,3345.5,3361.0,3288.0,3348.9,1058,7977,60627,107270
2012-02-17,201207,3355.0,3363.0,3320.0,3333.4,1253,8441,50988,106962
2012-02-21,201207,3373.0,3456.0,3350.0,3455.4,3122,8988,84212,110583
2012-02-22,201207,3450.5,3456.0,3410.5,3438.2,2253,9601,93427,111003
2012-02-23,201207,3440.0,3573.0,3440.0,3569.3,3179,9736,102483,115874
2012-02-24,201207,3538.0,3580.0,3533.0,3547.8,3342,10015,92720,118204
2012-02-27,201207,3562.0,3573.0,3520.0,3566.2,3671,10600,122577,113348
2012-02-28,201207,3548.5,3735.0,3548.5,3726.4,3226,10837,104294,115866
2012-02-29,201207,3713.0,3760.0,3385.0,3469.9,4876,11449,127562,114827
2012-03-01,201207,3483.5,3573.0,3455.0,3571.8,2331,12063,66475,113669
2012-03-02,201207,3550.5,3553.5,3446.0,3458.1,687,11984,41517,112597
2012-03-05,201207,3480.0,3492.0,3364.0,3375.3,3263,11712,60871,112424
2012-03-06,201207,3400.0,3400.0,3256.0,3284.0,2350,11490,72982,111023
2012-03-07,201207,3305.0,3363.5,3286.0,3364.4,3521,11723,51087,109649
2012-03-08,201207,3353.0,3421.0,3348.0,3389.1,2282,11643,43438,109302
2012-03-09,201207,3392.5,3448.0,3326.0,3427.2,6371,12668,65329,110439
2012-03-12,201207,3440.0,3440.0,3345.0,3347.2,2507,14130,37699,111822
2012-03-13,201207,3372.5,3387.5,3313.5,3364.0,915,14087,52698,111730
2012-03-14,201207,3341.5,3348.0,3171.0,3223.6,6393,13452,84737,109596
2012-03-15,201207,3225.0,3285.0,3204.0,3277.9,6232,11278,61836,106723
2012-03-16,201207,3253.0,3277.5,3230.5,3265.4,5650,11803,46202,107309
2012-03-19,201207,3265.5,3313.0,3239.0,3300.9,2897,12404,36062,108268
2012-03-20,201207,3284.0,3284.0,3185.5,3188.6,5664,14018,56582,111422
2012-03-21,201207,3218.5,3244.5,3193.5,3228.1,2374,14654,41407,110948
2012-03-22,201207,3221.0,3239.5,3118.0,3139.5,3162,15873,56606,112365
2012-03-23,201207,3163.5,3232.0,3153.0,3232.7,4871,16772,42963,112236
2012-03-26,201207,3240.0,3295.5,3210.0,3280.6,3362,16670,37047,111392
2012-03-27,201207,3280.5,3323.0,3254.0,3267.2,4037,16959,39764,109859
2012-03-28,201207,3260.0,3272.0,3187.0,3188.5,4179,19494,48225,114261
2012-03-29,201207,3206.0,3232.0,3170.0,3204.8,4344,18436,40364,110455
2012-03-30,201207,3230.0,3267.5,3222.5,3254.4,5216,19023,36247,109693
2012-04-02,201207,3245.0,3327.5,3245.0,3315.8,5541,21745,45897,113035
2012-04-03,201207,3303.0,3336.0,3260.0,3332.6,6389,23775,53864,116434
2012-04-04,201207,3269.0,3272.0,3104.5,3110.1,7642,23793,73079,117088
2012-04-05,201207,3142.0,3185.0,3129.0,3179.0,6187,22859,49404,114663
2012-04-09,201207,3196.0,3213.0,3139.0,3158.6,12270,25215,48950,115778
2012-04-10,201207,3163.0,3196.5,3120.0,3174.2,13668,26065,67721,114469
2012-04-11,201207,3184.0,3187.0,3143.0,3158.4,12723,26891,54040,114948
2012-04-12,201207,3161.5,3264.0,3150.0,3259.0,7851,28739,56621,117210
2012-04-13,201207,3243.0,3249.0,3136.0,3145.4,7797,30110,58993,117118
2012-04-16,201207,3145.5,3175.0,3125.0,3143.9,7652,32630,48151,118203
2012-04-17,201207,3155.5,3196.5,3139.0,3174.1,7825,33726,54088,121448
2012-04-18,201207,3176.0,3195.0,3141.0,3155.3,6754,36802,45207,119560
2012-04-19,201207,3167.5,3206.5,3136.5,3184.7,8743,39011,59654,120454
2012-04-20,201207,3181.0,3196.5,3162.0,3172.0,15361,43736,57634,121702
2012-04-23,201207,3170.0,3174.0,3052.0,3059.9,23667,45926,90793,122727
2012-04-24,201207,3087.5,3117.0,3069.5,3081.5,21937,48456,72574,122325
2012-04-25,201207,3085.0,3103.0,2999.0,3042.5,34601,51500,107151,120321
2012-04-26,201207,3074.5,3133.5,3067.0,3127.6,32167,55421,79327,113728
2012-04-27,201207,3108.5,3147.0,3094.5,3141.1,36734,59965,60896,112127
2012-04-30,201207,3133.0,3144.5,3060.0,3101.6,33899,59423,40075,111953
2012-05-01,201207,3098.0,3136.5,3079.0,3093.0,24868,58495,28000,110862
2012-05-02,201207,3098.5,3106.0,3041.0,3064.5,38348,59885,42895,111443
2012-05-03,201207,3064.5,3067.5,2983.5,3001.0,41564,59638,46722,111680
2012-05-04,201207,3008.0,3048.0,2978.0,3043.2,42379,60385,46597,111920
2012-05-07,201207,3031.0,3039.0,2967.5,3012.2,28351,60052,32376,112139
2012-05-08,201207,3008.0,3012.5,2913.5,2945.9,45481,61107,50274,113549
2012-05-09,201207,2946.5,2950.0,2861.5,2924.1,46846,61104,52159,113479
2012-05-10,201207,2925.0,2945.5,2894.0,2917.8,33021,60215,35615,112558
2012-05-11,201207,2899.5,2910.0,2841.5,2889.0,35664,59758,38354,112393
2012-05-14,201207,2888.0,2900.0,2807.5,2835.3,36417,60013,40054,113546
2012-05-15,201207,2815.5,2843.0,2756.5,2808.0,40316,60317,43524,114208
2012-05-16,201207,2761.5,2796.5,2673.0,2719.6,60320,60367,66029,113663
2012-05-17,201207,2719.5,2829.5,2717.5,2802.0,47897,59839,55089,113766
2012-05-18,201207,2800.5,2889.5,2778.0,2871.5,44463,58627,48048,112914
2012-05-21,201207,2868.5,2885.5,2803.5,2832.1,35869,59440,37268,113893
2012-05-22,201207,2847.0,2877.5,2792.5,2817.9,42130,59313,46353,113647
2012-05-23,201207,2812.0,2817.0,2708.0,2751.9,59168,59123,64399,114105
2012-05-24,201207,2776.0,2851.5,2758.5,2815.7,46683,58886,51934,114080
2012-05-25,201207,2825.0,2856.5,2787.5,2838.6,31473,59036,34502,115381
2012-05-29,201207,2859.5,2876.0,2771.0,2779.1,55600,58164,63807,113961
2012-05-30,201207,2779.0,2814.5,2735.5,2798.3,47762,58642,52568,116027
2012-05-31,201207,2788.0,2819.0,2751.0,2775.7,44716,58617,51615,118102
2012-06-01,201207,2768.5,2868.0,2717.0,2851.2,65094,56360,73772,115991
2012-06-04,201207,2868.0,2868.0,2795.5,2800.7,32417,56142,35824,116104
2012-06-05,201207,2822.0,2854.5,2808.0,2840.5,35742,55594,48081,116809
2012-06-06,201207,2847.5,2986.5,2841.0,2948.8,63114,54360,77683,121317
2012-06-07,201207,2946.5,2967.5,2836.0,2852.9,73325,50781,91554,119446
2012-06-08,201207,2858.5,2865.0,2791.0,2847.1,42126,49208,50924,119616
2012-06-11,201207,2874.0,2900.0,2825.5,2861.6,35865,46728,43921,119619
2012-06-12,201207,2851.0,2905.0,2831.5,2894.9,42080,45222,53893,122080
2012-06-13,201207,2890.0,2909.5,2870.0,2894.1,34046,42064,42214,121848
2012-06-14,201207,2880.0,2907.5,2815.0,2840.7,42381,40564,50536,121162
2012-06-15,201207,2859.0,2882.0,2848.0,2874.0,30645,40123,39729,121667
2012-06-18,201207,2899.0,2901.0,2823.5,2867.1,34525,37174,41288,121325
2012-06-19,201207,2867.5,2890.0,2827.0,2836.8,35014,35867,42752,122508
2012-06-20,201207,2835.5,2859.5,2763.0,2838.9,60931,33908,77718,121949
2012-06-21,201207,2804.0,2807.0,2680.0,2683.9,70340,34055,98139,127983
2012-06-22,201207,2682.5,2699.5,2651.0,2666.1,49622,30815,72064,128399
2012-06-25,201207,2682.0,2759.0,2656.5,2752.0,74888,23608,126413,129728
2012-06-26,201207,2746.5,2749.5,2673.5,2703.8,53358,15715,93614,126164
2012-06-27,201207,2703.5,2727.5,2660.0,2694.2,52011,10220,102858,124000
2012-06-28,201207,2687.5,2706.5,2607.0,2624.7,23940,3952,91528,125366
2012-06-29,201207,2626.0,2784.0,2623.5,2758.0,2012,2811,62256,123965
2012-07-02,201207,2744.0,2755.0,2719.5,2746.8,503,2385,27728,123242
2012-07-03,201207,2744.5,2837.0,2744.0,2824.3,189,2277,34550,122708
2012-07-05,201207,2808.5,2833.5,2749.5,2763.8,360,1960,52480,121851
2012-07-06,201207,2766.0,2767.5,2688.5,2688.9,264,1863,45444,122985
2012-07-09,201207,2712.5,2739.0,2709.0,2741.1,265,1781,26267,123097
2012-07-10,201207,2723.5,2750.0,2673.0,2685.1,348,1787,39338,124109
2012-07-11,201207,2698.5,2716.0,2681.5,2699.5,191,1720,39458,123127
2012-07-12,201207,2676.0,2705.0,2644.5,2713.6,55,1711,46113,123815
2012-07-13,201207,2722.0,2747.5,2714.0,2734.4,93,1670,29137,123091
2012-07-16,201207,2713.0,2729.5,2688.5,2729.7,176,1552,28036,122566
2012-07-17,201207,2729.0,2732.5,2677.0,2729.2,1101,563,40752,121819
2012-07-18,201207,2726.5,2726.5,2691.5,2707.1,54,127,26537,122590
2012-07-19,201207,2722.0,2739.5,2722.0,2719.4,19,126,36115,122326
2012-07-20,201207,2716.0,2716.0,2701.0,2727.9,18,124,42683,121847
2012-07-23,201207,2695.0,2699.0,2695.0,2701.9,58,163,38514,122727
2012-07-24,201207,2686.0,2686.0,2677.5,2679.0,100,220,43583,123661
2012-07-25,201207,2724.0,2730.0,2724.0,2744.5,5,218,48983,120881
2012-07-26,201207,2755.5,2762.0,2755.5,2743.1,42,91,47439,122160
2012-07-27,201207,2747.8,2747.8,2747.8,2747.8,113,76,36634,121394
